
INSERT INTO Pays (code, nom, langue) VALUES
('AU', 'Australia', ''),
('BE', 'Belgium', ''),
('BS', 'Bahamas', ''),
('CA', 'Canada', ''),
('CN', 'China', ''),
('CZ', 'Czech Republic', ''),
('DE', 'Allemagne', 'allemand'),
('DK', 'Denmark', ''),
('ES', 'Espagne', 'espagnol'),
('FR', 'France', 'français'),
('GB', 'Royaume-Uni', 'anglais'),
('HK', 'Hong Kong', ''),
('IE', 'Irlande', 'anglais'),
('IT', 'Italie', 'italien'),
('JO', 'Jordan', ''),
('JP', 'Japan', 'japonais'),
('KR', 'South Korea', ''),
('NL', 'Netherlands', ''),
('NO', 'Norway', ''),
('RU', 'Russie', 'russe'),
('SE', 'Suede', 'suedois'),
('SU', 'Soviet Union', ''),
('US', 'Etats-Unis', 'anglais');



INSERT INTO Internaute(email ,  nom  ,  prenom  ,  codePays  )
VALUES
('email1@chaptal.fr','nom1','prenom1','NL'),
('email2@chaptal.fr','nom2','prenom2','NL'),
('email3@chaptal.fr','nom3','prenom3','FR'),
('email4@chaptal.fr','nom4','prenom4','CZ'),
('email5@chaptal.fr','nom5','prenom5','KR'),
('email6@chaptal.fr','nom6','prenom6','IT'),
('email7@chaptal.fr','nom7','prenom7','JO'),
('email8@chaptal.fr','nom8','prenom8','AU'),
('email9@chaptal.fr','nom9','prenom9','JP'),
('email10@chaptal.fr','nom10','prenom10','FR'),
('email11@chaptal.fr','nom11','prenom11','IE'),
('email12@chaptal.fr','nom12','prenom12','US'),
('email13@chaptal.fr','nom13','prenom13','CZ'),
('email14@chaptal.fr','nom14','prenom14','CZ'),
('email15@chaptal.fr','nom15','prenom15','IE'),
('email16@chaptal.fr','nom16','prenom16','IT'),
('email17@chaptal.fr','nom17','prenom17','CA'),
('email18@chaptal.fr','nom18','prenom18','US'),
('email19@chaptal.fr','nom19','prenom19','US'),
('email20@chaptal.fr','nom20','prenom20','FR'),
('email21@chaptal.fr','nom21','prenom21','DE'),
('email22@chaptal.fr','nom22','prenom22','SU'),
('email23@chaptal.fr','nom23','prenom23','US'),
('email24@chaptal.fr','nom24','prenom24','BS'),
('email25@chaptal.fr','nom25','prenom25','JP'),
('email26@chaptal.fr','nom26','prenom26','GB'),
('email27@chaptal.fr','nom27','prenom27','JO'),
('email28@chaptal.fr','nom28','prenom28','CN'),
('email29@chaptal.fr','nom29','prenom29','DE'),
('email30@chaptal.fr','nom30','prenom30','SE'),
('email31@chaptal.fr','nom31','prenom31','CA'),
('email32@chaptal.fr','nom32','prenom32','JP'),
('email33@chaptal.fr','nom33','prenom33','SE'),
('email34@chaptal.fr','nom34','prenom34','FR'),
('email35@chaptal.fr','nom35','prenom35','CZ'),
('email36@chaptal.fr','nom36','prenom36','BS'),
('email37@chaptal.fr','nom37','prenom37','KR'),
('email38@chaptal.fr','nom38','prenom38','DK'),
('email39@chaptal.fr','nom39','prenom39','NO'),
('email40@chaptal.fr','nom40','prenom40','CZ'),
('email41@chaptal.fr','nom41','prenom41','RU'),
('email42@chaptal.fr','nom42','prenom42','BS'),
('email43@chaptal.fr','nom43','prenom43','NL'),
('email44@chaptal.fr','nom44','prenom44','RU'),
('email45@chaptal.fr','nom45','prenom45','JO'),
('email46@chaptal.fr','nom46','prenom46','KR'),
('email47@chaptal.fr','nom47','prenom47','AU'),
('email48@chaptal.fr','nom48','prenom48','IE'),
('email49@chaptal.fr','nom49','prenom49','SU'),
('email50@chaptal.fr','nom50','prenom50','BE'),
('email51@chaptal.fr','nom51','prenom51','CN'),
('email52@chaptal.fr','nom52','prenom52','KR'),
('email53@chaptal.fr','nom53','prenom53','US'),
('email54@chaptal.fr','nom54','prenom54','CN'),
('email55@chaptal.fr','nom55','prenom55','GB'),
('email56@chaptal.fr','nom56','prenom56','ES'),
('email57@chaptal.fr','nom57','prenom57','GB'),
('email58@chaptal.fr','nom58','prenom58','BS'),
('email59@chaptal.fr','nom59','prenom59','FR'),
('email60@chaptal.fr','nom60','prenom60','AU'),
('email61@chaptal.fr','nom61','prenom61','JP'),
('email62@chaptal.fr','nom62','prenom62','JP'),
('email63@chaptal.fr','nom63','prenom63','SE'),
('email64@chaptal.fr','nom64','prenom64','JO'),
('email65@chaptal.fr','nom65','prenom65','JO'),
('email66@chaptal.fr','nom66','prenom66','NL'),
('email67@chaptal.fr','nom67','prenom67','US'),
('email68@chaptal.fr','nom68','prenom68','BS'),
('email69@chaptal.fr','nom69','prenom69','ES'),
('email70@chaptal.fr','nom70','prenom70','JO'),
('email71@chaptal.fr','nom71','prenom71','AU'),
('email72@chaptal.fr','nom72','prenom72','SE'),
('email73@chaptal.fr','nom73','prenom73','IE'),
('email74@chaptal.fr','nom74','prenom74','US'),
('email75@chaptal.fr','nom75','prenom75','HK'),
('email76@chaptal.fr','nom76','prenom76','CN'),
('email77@chaptal.fr','nom77','prenom77','NL'),
('email78@chaptal.fr','nom78','prenom78','HK'),
('email79@chaptal.fr','nom79','prenom79','DK'),
('email80@chaptal.fr','nom80','prenom80','CA'),
('email81@chaptal.fr','nom81','prenom81','SU'),
('email82@chaptal.fr','nom82','prenom82','HK'),
('email83@chaptal.fr','nom83','prenom83','IE'),
('email84@chaptal.fr','nom84','prenom84','SU'),
('email85@chaptal.fr','nom85','prenom85','NL'),
('email86@chaptal.fr','nom86','prenom86','AU'),
('email87@chaptal.fr','nom87','prenom87','DK'),
('email88@chaptal.fr','nom88','prenom88','SU'),
('email89@chaptal.fr','nom89','prenom89','FR'),
('email90@chaptal.fr','nom90','prenom90','JO'),
('email91@chaptal.fr','nom91','prenom91','JO'),
('email92@chaptal.fr','nom92','prenom92','NL'),
('email93@chaptal.fr','nom93','prenom93','CA'),
('email94@chaptal.fr','nom94','prenom94','NO'),
('email95@chaptal.fr','nom95','prenom95','DK'),
('email96@chaptal.fr','nom96','prenom96','IE'),
('email97@chaptal.fr','nom97','prenom97','IT'),
('email98@chaptal.fr','nom98','prenom98','US'),
('email99@chaptal.fr','nom99','prenom99','CA'),
('email100@chaptal.fr','nom100','prenom100','SE'),
('email101@chaptal.fr','nom101','prenom101','IT'),
('email102@chaptal.fr','nom102','prenom102','CN'),
('email103@chaptal.fr','nom103','prenom103','FR'),
('email104@chaptal.fr','nom104','prenom104','IT'),
('email105@chaptal.fr','nom105','prenom105','FR'),
('email106@chaptal.fr','nom106','prenom106','IE'),
('email107@chaptal.fr','nom107','prenom107','BS'),
('email108@chaptal.fr','nom108','prenom108','DE'),
('email109@chaptal.fr','nom109','prenom109','IE'),
('email110@chaptal.fr','nom110','prenom110','NL'),
('email111@chaptal.fr','nom111','prenom111','ES'),
('email112@chaptal.fr','nom112','prenom112','DE'),
('email113@chaptal.fr','nom113','prenom113','CA'),
('email114@chaptal.fr','nom114','prenom114','JP'),
('email115@chaptal.fr','nom115','prenom115','NO'),
('email116@chaptal.fr','nom116','prenom116','CN'),
('email117@chaptal.fr','nom117','prenom117','HK'),
('email118@chaptal.fr','nom118','prenom118','NO'),
('email119@chaptal.fr','nom119','prenom119','JO'),
('email120@chaptal.fr','nom120','prenom120','CN'),
('email121@chaptal.fr','nom121','prenom121','HK'),
('email122@chaptal.fr','nom122','prenom122','SU'),
('email123@chaptal.fr','nom123','prenom123','SE'),
('email124@chaptal.fr','nom124','prenom124','BS'),
('email125@chaptal.fr','nom125','prenom125','SE'),
('email126@chaptal.fr','nom126','prenom126','SU'),
('email127@chaptal.fr','nom127','prenom127','KR'),
('email128@chaptal.fr','nom128','prenom128','US'),
('email129@chaptal.fr','nom129','prenom129','JP'),
('email130@chaptal.fr','nom130','prenom130','BS'),
('email131@chaptal.fr','nom131','prenom131','SE'),
('email132@chaptal.fr','nom132','prenom132','AU'),
('email133@chaptal.fr','nom133','prenom133','RU'),
('email134@chaptal.fr','nom134','prenom134','ES'),
('email135@chaptal.fr','nom135','prenom135','IT'),
('email136@chaptal.fr','nom136','prenom136','CZ'),
('email137@chaptal.fr','nom137','prenom137','RU'),
('email138@chaptal.fr','nom138','prenom138','IE'),
('email139@chaptal.fr','nom139','prenom139','DK'),
('email140@chaptal.fr','nom140','prenom140','CZ'),
('email141@chaptal.fr','nom141','prenom141','DK'),
('email142@chaptal.fr','nom142','prenom142','IT'),
('email143@chaptal.fr','nom143','prenom143','JO'),
('email144@chaptal.fr','nom144','prenom144','BS'),
('email145@chaptal.fr','nom145','prenom145','SU'),
('email146@chaptal.fr','nom146','prenom146','CZ'),
('email147@chaptal.fr','nom147','prenom147','KR'),
('email148@chaptal.fr','nom148','prenom148','KR'),
('email149@chaptal.fr','nom149','prenom149','NL'),
('email150@chaptal.fr','nom150','prenom150','JO'),
('email151@chaptal.fr','nom151','prenom151','NL'),
('email152@chaptal.fr','nom152','prenom152','BS'),
('email153@chaptal.fr','nom153','prenom153','HK'),
('email154@chaptal.fr','nom154','prenom154','JP'),
('email155@chaptal.fr','nom155','prenom155','IE'),
('email156@chaptal.fr','nom156','prenom156','RU'),
('email157@chaptal.fr','nom157','prenom157','NL'),
('email158@chaptal.fr','nom158','prenom158','JO'),
('email159@chaptal.fr','nom159','prenom159','BE'),
('email160@chaptal.fr','nom160','prenom160','BS'),
('email161@chaptal.fr','nom161','prenom161','CA'),
('email162@chaptal.fr','nom162','prenom162','DK'),
('email163@chaptal.fr','nom163','prenom163','SU'),
('email164@chaptal.fr','nom164','prenom164','RU'),
('email165@chaptal.fr','nom165','prenom165','SE'),
('email166@chaptal.fr','nom166','prenom166','JP'),
('email167@chaptal.fr','nom167','prenom167','IT'),
('email168@chaptal.fr','nom168','prenom168','GB'),
('email169@chaptal.fr','nom169','prenom169','BE'),
('email170@chaptal.fr','nom170','prenom170','RU'),
('email171@chaptal.fr','nom171','prenom171','CA'),
('email172@chaptal.fr','nom172','prenom172','AU'),
('email173@chaptal.fr','nom173','prenom173','SU'),
('email174@chaptal.fr','nom174','prenom174','US'),
('email175@chaptal.fr','nom175','prenom175','BE'),
('email176@chaptal.fr','nom176','prenom176','DE'),
('email177@chaptal.fr','nom177','prenom177','CN'),
('email178@chaptal.fr','nom178','prenom178','CN'),
('email179@chaptal.fr','nom179','prenom179','NL'),
('email180@chaptal.fr','nom180','prenom180','NL'),
('email181@chaptal.fr','nom181','prenom181','DE'),
('email182@chaptal.fr','nom182','prenom182','CZ'),
('email183@chaptal.fr','nom183','prenom183','IT'),
('email184@chaptal.fr','nom184','prenom184','IT'),
('email185@chaptal.fr','nom185','prenom185','KR'),
('email186@chaptal.fr','nom186','prenom186','NO'),
('email187@chaptal.fr','nom187','prenom187','IT'),
('email188@chaptal.fr','nom188','prenom188','DE'),
('email189@chaptal.fr','nom189','prenom189','NO'),
('email190@chaptal.fr','nom190','prenom190','IE'),
('email191@chaptal.fr','nom191','prenom191','CN'),
('email192@chaptal.fr','nom192','prenom192','KR'),
('email193@chaptal.fr','nom193','prenom193','KR'),
('email194@chaptal.fr','nom194','prenom194','AU'),
('email195@chaptal.fr','nom195','prenom195','IE'),
('email196@chaptal.fr','nom196','prenom196','AU'),
('email197@chaptal.fr','nom197','prenom197','FR'),
('email198@chaptal.fr','nom198','prenom198','IT'),
('email199@chaptal.fr','nom199','prenom199','CN'),
('email200@chaptal.fr','nom200','prenom200','AU'),
('email201@chaptal.fr','nom201','prenom201','AU'),
('email202@chaptal.fr','nom202','prenom202','KR'),
('email203@chaptal.fr','nom203','prenom203','GB'),
('email204@chaptal.fr','nom204','prenom204','HK'),
('email205@chaptal.fr','nom205','prenom205','JO'),
('email206@chaptal.fr','nom206','prenom206','CN'),
('email207@chaptal.fr','nom207','prenom207','HK'),
('email208@chaptal.fr','nom208','prenom208','JP'),
('email209@chaptal.fr','nom209','prenom209','SU'),
('email210@chaptal.fr','nom210','prenom210','AU'),
('email211@chaptal.fr','nom211','prenom211','NL'),
('email212@chaptal.fr','nom212','prenom212','CN'),
('email213@chaptal.fr','nom213','prenom213','AU'),
('email214@chaptal.fr','nom214','prenom214','ES'),
('email215@chaptal.fr','nom215','prenom215','RU'),
('email216@chaptal.fr','nom216','prenom216','IT'),
('email217@chaptal.fr','nom217','prenom217','AU'),
('email218@chaptal.fr','nom218','prenom218','JO'),
('email219@chaptal.fr','nom219','prenom219','US'),
('email220@chaptal.fr','nom220','prenom220','RU'),
('email221@chaptal.fr','nom221','prenom221','NL'),
('email222@chaptal.fr','nom222','prenom222','JO'),
('email223@chaptal.fr','nom223','prenom223','NO'),
('email224@chaptal.fr','nom224','prenom224','HK'),
('email225@chaptal.fr','nom225','prenom225','BE'),
('email226@chaptal.fr','nom226','prenom226','BE'),
('email227@chaptal.fr','nom227','prenom227','ES'),
('email228@chaptal.fr','nom228','prenom228','AU'),
('email229@chaptal.fr','nom229','prenom229','AU'),
('email230@chaptal.fr','nom230','prenom230','US'),
('email231@chaptal.fr','nom231','prenom231','DE'),
('email232@chaptal.fr','nom232','prenom232','IT'),
('email233@chaptal.fr','nom233','prenom233','NO'),
('email234@chaptal.fr','nom234','prenom234','KR'),
('email235@chaptal.fr','nom235','prenom235','GB'),
('email236@chaptal.fr','nom236','prenom236','IE'),
('email237@chaptal.fr','nom237','prenom237','HK'),
('email238@chaptal.fr','nom238','prenom238','ES'),
('email239@chaptal.fr','nom239','prenom239','CA'),
('email240@chaptal.fr','nom240','prenom240','BE'),
('email241@chaptal.fr','nom241','prenom241','US'),
('email242@chaptal.fr','nom242','prenom242','GB'),
('email243@chaptal.fr','nom243','prenom243','AU'),
('email244@chaptal.fr','nom244','prenom244','DE'),
('email245@chaptal.fr','nom245','prenom245','US'),
('email246@chaptal.fr','nom246','prenom246','SU'),
('email247@chaptal.fr','nom247','prenom247','DE'),
('email248@chaptal.fr','nom248','prenom248','JO'),
('email249@chaptal.fr','nom249','prenom249','AU'),
('email250@chaptal.fr','nom250','prenom250','GB'),
('email251@chaptal.fr','nom251','prenom251','SE'),
('email252@chaptal.fr','nom252','prenom252','IE'),
('email253@chaptal.fr','nom253','prenom253','SU'),
('email254@chaptal.fr','nom254','prenom254','BS'),
('email255@chaptal.fr','nom255','prenom255','GB'),
('email256@chaptal.fr','nom256','prenom256','NL'),
('email257@chaptal.fr','nom257','prenom257','ES'),
('email258@chaptal.fr','nom258','prenom258','SU'),
('email259@chaptal.fr','nom259','prenom259','DE'),
('email260@chaptal.fr','nom260','prenom260','SU'),
('email261@chaptal.fr','nom261','prenom261','AU'),
('email262@chaptal.fr','nom262','prenom262','AU'),
('email263@chaptal.fr','nom263','prenom263','JP'),
('email264@chaptal.fr','nom264','prenom264','RU'),
('email265@chaptal.fr','nom265','prenom265','FR'),
('email266@chaptal.fr','nom266','prenom266','BE'),
('email267@chaptal.fr','nom267','prenom267','JP'),
('email268@chaptal.fr','nom268','prenom268','US'),
('email269@chaptal.fr','nom269','prenom269','IE'),
('email270@chaptal.fr','nom270','prenom270','DE'),
('email271@chaptal.fr','nom271','prenom271','GB'),
('email272@chaptal.fr','nom272','prenom272','JP'),
('email273@chaptal.fr','nom273','prenom273','AU'),
('email274@chaptal.fr','nom274','prenom274','HK'),
('email275@chaptal.fr','nom275','prenom275','NO'),
('email276@chaptal.fr','nom276','prenom276','FR'),
('email277@chaptal.fr','nom277','prenom277','JP'),
('email278@chaptal.fr','nom278','prenom278','SE'),
('email279@chaptal.fr','nom279','prenom279','SU'),
('email280@chaptal.fr','nom280','prenom280','CN'),
('email281@chaptal.fr','nom281','prenom281','CN'),
('email282@chaptal.fr','nom282','prenom282','RU'),
('email283@chaptal.fr','nom283','prenom283','RU'),
('email284@chaptal.fr','nom284','prenom284','SE'),
('email285@chaptal.fr','nom285','prenom285','RU'),
('email286@chaptal.fr','nom286','prenom286','JO'),
('email287@chaptal.fr','nom287','prenom287','JO'),
('email288@chaptal.fr','nom288','prenom288','DE'),
('email289@chaptal.fr','nom289','prenom289','JP'),
('email290@chaptal.fr','nom290','prenom290','NL'),
('email291@chaptal.fr','nom291','prenom291','SE'),
('email292@chaptal.fr','nom292','prenom292','IT'),
('email293@chaptal.fr','nom293','prenom293','CZ'),
('email294@chaptal.fr','nom294','prenom294','IE'),
('email295@chaptal.fr','nom295','prenom295','BE'),
('email296@chaptal.fr','nom296','prenom296','CA'),
('email297@chaptal.fr','nom297','prenom297','IT'),
('email298@chaptal.fr','nom298','prenom298','KR'),
('email299@chaptal.fr','nom299','prenom299','SU'),
('email300@chaptal.fr','nom300','prenom300','JO'),
('email301@chaptal.fr','nom301','prenom301','KR'),
('email302@chaptal.fr','nom302','prenom302','BE'),
('email303@chaptal.fr','nom303','prenom303','BE'),
('email304@chaptal.fr','nom304','prenom304','US'),
('email305@chaptal.fr','nom305','prenom305','JP'),
('email306@chaptal.fr','nom306','prenom306','CZ'),
('email307@chaptal.fr','nom307','prenom307','SE'),
('email308@chaptal.fr','nom308','prenom308','CA'),
('email309@chaptal.fr','nom309','prenom309','DE'),
('email310@chaptal.fr','nom310','prenom310','AU'),
('email311@chaptal.fr','nom311','prenom311','BE'),
('email312@chaptal.fr','nom312','prenom312','BS'),
('email313@chaptal.fr','nom313','prenom313','NL'),
('email314@chaptal.fr','nom314','prenom314','HK'),
('email315@chaptal.fr','nom315','prenom315','KR'),
('email316@chaptal.fr','nom316','prenom316','AU'),
('email317@chaptal.fr','nom317','prenom317','CA'),
('email318@chaptal.fr','nom318','prenom318','FR'),
('email319@chaptal.fr','nom319','prenom319','DE'),
('email320@chaptal.fr','nom320','prenom320','RU'),
('email321@chaptal.fr','nom321','prenom321','DK'),
('email322@chaptal.fr','nom322','prenom322','NL'),
('email323@chaptal.fr','nom323','prenom323','IE'),
('email324@chaptal.fr','nom324','prenom324','SE'),
('email325@chaptal.fr','nom325','prenom325','JP'),
('email326@chaptal.fr','nom326','prenom326','IT'),
('email327@chaptal.fr','nom327','prenom327','IT'),
('email328@chaptal.fr','nom328','prenom328','BE'),
('email329@chaptal.fr','nom329','prenom329','BE'),
('email330@chaptal.fr','nom330','prenom330','SU'),
('email331@chaptal.fr','nom331','prenom331','IE'),
('email332@chaptal.fr','nom332','prenom332','IE'),
('email333@chaptal.fr','nom333','prenom333','NO'),
('email334@chaptal.fr','nom334','prenom334','JO'),
('email335@chaptal.fr','nom335','prenom335','IT'),
('email336@chaptal.fr','nom336','prenom336','CZ'),
('email337@chaptal.fr','nom337','prenom337','IE'),
('email338@chaptal.fr','nom338','prenom338','CN'),
('email339@chaptal.fr','nom339','prenom339','DE'),
('email340@chaptal.fr','nom340','prenom340','RU'),
('email341@chaptal.fr','nom341','prenom341','RU'),
('email342@chaptal.fr','nom342','prenom342','JP'),
('email343@chaptal.fr','nom343','prenom343','BS'),
('email344@chaptal.fr','nom344','prenom344','RU'),
('email345@chaptal.fr','nom345','prenom345','RU'),
('email346@chaptal.fr','nom346','prenom346','AU'),
('email347@chaptal.fr','nom347','prenom347','CA'),
('email348@chaptal.fr','nom348','prenom348','CZ'),
('email349@chaptal.fr','nom349','prenom349','CN'),
('email350@chaptal.fr','nom350','prenom350','KR'),
('email351@chaptal.fr','nom351','prenom351','AU'),
('email352@chaptal.fr','nom352','prenom352','AU'),
('email353@chaptal.fr','nom353','prenom353','CN'),
('email354@chaptal.fr','nom354','prenom354','JO'),
('email355@chaptal.fr','nom355','prenom355','US'),
('email356@chaptal.fr','nom356','prenom356','RU'),
('email357@chaptal.fr','nom357','prenom357','SU'),
('email358@chaptal.fr','nom358','prenom358','GB'),
('email359@chaptal.fr','nom359','prenom359','IE'),
('email360@chaptal.fr','nom360','prenom360','CZ'),
('email361@chaptal.fr','nom361','prenom361','NL'),
('email362@chaptal.fr','nom362','prenom362','AU'),
('email363@chaptal.fr','nom363','prenom363','NL'),
('email364@chaptal.fr','nom364','prenom364','CA'),
('email365@chaptal.fr','nom365','prenom365','SE'),
('email366@chaptal.fr','nom366','prenom366','NO'),
('email367@chaptal.fr','nom367','prenom367','US'),
('email368@chaptal.fr','nom368','prenom368','NL'),
('email369@chaptal.fr','nom369','prenom369','KR'),
('email370@chaptal.fr','nom370','prenom370','JO'),
('email371@chaptal.fr','nom371','prenom371','DK'),
('email372@chaptal.fr','nom372','prenom372','FR'),
('email373@chaptal.fr','nom373','prenom373','BS'),
('email374@chaptal.fr','nom374','prenom374','RU'),
('email375@chaptal.fr','nom375','prenom375','ES'),
('email376@chaptal.fr','nom376','prenom376','BE'),
('email377@chaptal.fr','nom377','prenom377','US'),
('email378@chaptal.fr','nom378','prenom378','FR'),
('email379@chaptal.fr','nom379','prenom379','BS'),
('email380@chaptal.fr','nom380','prenom380','JP'),
('email381@chaptal.fr','nom381','prenom381','NL'),
('email382@chaptal.fr','nom382','prenom382','CN'),
('email383@chaptal.fr','nom383','prenom383','DE'),
('email384@chaptal.fr','nom384','prenom384','AU'),
('email385@chaptal.fr','nom385','prenom385','DK'),
('email386@chaptal.fr','nom386','prenom386','RU'),
('email387@chaptal.fr','nom387','prenom387','DE'),
('email388@chaptal.fr','nom388','prenom388','CN'),
('email389@chaptal.fr','nom389','prenom389','KR'),
('email390@chaptal.fr','nom390','prenom390','SU'),
('email391@chaptal.fr','nom391','prenom391','IE'),
('email392@chaptal.fr','nom392','prenom392','CZ'),
('email393@chaptal.fr','nom393','prenom393','BE'),
('email394@chaptal.fr','nom394','prenom394','KR'),
('email395@chaptal.fr','nom395','prenom395','SU'),
('email396@chaptal.fr','nom396','prenom396','AU'),
('email397@chaptal.fr','nom397','prenom397','NO'),
('email398@chaptal.fr','nom398','prenom398','HK'),
('email399@chaptal.fr','nom399','prenom399','BS'),
('email400@chaptal.fr','nom400','prenom400','KR'),
('email401@chaptal.fr','nom401','prenom401','SU'),
('email402@chaptal.fr','nom402','prenom402','SE'),
('email403@chaptal.fr','nom403','prenom403','IE'),
('email404@chaptal.fr','nom404','prenom404','BS'),
('email405@chaptal.fr','nom405','prenom405','NO'),
('email406@chaptal.fr','nom406','prenom406','IE'),
('email407@chaptal.fr','nom407','prenom407','NL'),
('email408@chaptal.fr','nom408','prenom408','AU'),
('email409@chaptal.fr','nom409','prenom409','RU'),
('email410@chaptal.fr','nom410','prenom410','NL'),
('email411@chaptal.fr','nom411','prenom411','BS'),
('email412@chaptal.fr','nom412','prenom412','BE'),
('email413@chaptal.fr','nom413','prenom413','HK'),
('email414@chaptal.fr','nom414','prenom414','CA'),
('email415@chaptal.fr','nom415','prenom415','SE'),
('email416@chaptal.fr','nom416','prenom416','HK'),
('email417@chaptal.fr','nom417','prenom417','JP'),
('email418@chaptal.fr','nom418','prenom418','BE'),
('email419@chaptal.fr','nom419','prenom419','CA'),
('email420@chaptal.fr','nom420','prenom420','IT'),
('email421@chaptal.fr','nom421','prenom421','FR'),
('email422@chaptal.fr','nom422','prenom422','CZ'),
('email423@chaptal.fr','nom423','prenom423','DK'),
('email424@chaptal.fr','nom424','prenom424','GB'),
('email425@chaptal.fr','nom425','prenom425','KR'),
('email426@chaptal.fr','nom426','prenom426','KR'),
('email427@chaptal.fr','nom427','prenom427','JO'),
('email428@chaptal.fr','nom428','prenom428','JO'),
('email429@chaptal.fr','nom429','prenom429','HK'),
('email430@chaptal.fr','nom430','prenom430','IE'),
('email431@chaptal.fr','nom431','prenom431','ES'),
('email432@chaptal.fr','nom432','prenom432','ES'),
('email433@chaptal.fr','nom433','prenom433','NO'),
('email434@chaptal.fr','nom434','prenom434','HK'),
('email435@chaptal.fr','nom435','prenom435','GB'),
('email436@chaptal.fr','nom436','prenom436','ES'),
('email437@chaptal.fr','nom437','prenom437','NO'),
('email438@chaptal.fr','nom438','prenom438','BS'),
('email439@chaptal.fr','nom439','prenom439','GB'),
('email440@chaptal.fr','nom440','prenom440','CZ'),
('email441@chaptal.fr','nom441','prenom441','SE'),
('email442@chaptal.fr','nom442','prenom442','BE'),
('email443@chaptal.fr','nom443','prenom443','CA'),
('email444@chaptal.fr','nom444','prenom444','NL'),
('email445@chaptal.fr','nom445','prenom445','KR'),
('email446@chaptal.fr','nom446','prenom446','RU'),
('email447@chaptal.fr','nom447','prenom447','JO'),
('email448@chaptal.fr','nom448','prenom448','SE'),
('email449@chaptal.fr','nom449','prenom449','ES'),
('email450@chaptal.fr','nom450','prenom450','CZ'),
('email451@chaptal.fr','nom451','prenom451','GB'),
('email452@chaptal.fr','nom452','prenom452','CZ'),
('email453@chaptal.fr','nom453','prenom453','ES'),
('email454@chaptal.fr','nom454','prenom454','US'),
('email455@chaptal.fr','nom455','prenom455','CZ'),
('email456@chaptal.fr','nom456','prenom456','CZ'),
('email457@chaptal.fr','nom457','prenom457','SU'),
('email458@chaptal.fr','nom458','prenom458','RU'),
('email459@chaptal.fr','nom459','prenom459','ES'),
('email460@chaptal.fr','nom460','prenom460','ES'),
('email461@chaptal.fr','nom461','prenom461','KR'),
('email462@chaptal.fr','nom462','prenom462','IT'),
('email463@chaptal.fr','nom463','prenom463','KR'),
('email464@chaptal.fr','nom464','prenom464','SU'),
('email465@chaptal.fr','nom465','prenom465','CZ'),
('email466@chaptal.fr','nom466','prenom466','HK'),
('email467@chaptal.fr','nom467','prenom467','DE'),
('email468@chaptal.fr','nom468','prenom468','IT'),
('email469@chaptal.fr','nom469','prenom469','GB'),
('email470@chaptal.fr','nom470','prenom470','NL'),
('email471@chaptal.fr','nom471','prenom471','FR'),
('email472@chaptal.fr','nom472','prenom472','NL'),
('email473@chaptal.fr','nom473','prenom473','AU'),
('email474@chaptal.fr','nom474','prenom474','DK'),
('email475@chaptal.fr','nom475','prenom475','US'),
('email476@chaptal.fr','nom476','prenom476','SE'),
('email477@chaptal.fr','nom477','prenom477','JO'),
('email478@chaptal.fr','nom478','prenom478','SU'),
('email479@chaptal.fr','nom479','prenom479','ES'),
('email480@chaptal.fr','nom480','prenom480','SE'),
('email481@chaptal.fr','nom481','prenom481','SE'),
('email482@chaptal.fr','nom482','prenom482','CN'),
('email483@chaptal.fr','nom483','prenom483','NL'),
('email484@chaptal.fr','nom484','prenom484','HK'),
('email485@chaptal.fr','nom485','prenom485','US'),
('email486@chaptal.fr','nom486','prenom486','DE'),
('email487@chaptal.fr','nom487','prenom487','FR'),
('email488@chaptal.fr','nom488','prenom488','CA'),
('email489@chaptal.fr','nom489','prenom489','DE'),
('email490@chaptal.fr','nom490','prenom490','BE'),
('email491@chaptal.fr','nom491','prenom491','NL'),
('email492@chaptal.fr','nom492','prenom492','NO'),
('email493@chaptal.fr','nom493','prenom493','JO'),
('email494@chaptal.fr','nom494','prenom494','JO'),
('email495@chaptal.fr','nom495','prenom495','RU'),
('email496@chaptal.fr','nom496','prenom496','IT'),
('email497@chaptal.fr','nom497','prenom497','SE'),
('email498@chaptal.fr','nom498','prenom498','IT'),
('email499@chaptal.fr','nom499','prenom499','FR'),
('email500@chaptal.fr','nom500','prenom500','CA');





INSERT INTO Artiste (idArtiste, nom, prenom, anneeNaiss) VALUES
(1, 'Lucas', 'George', 1944),
(2, 'Hamill', 'Mark', 1951),
(3, 'Ford', 'Harrison', 1942),
(4, 'Fisher', 'Carrie', 1956),
(5, 'Cushing', 'Peter', 1913),
(6, 'Daniels', 'Anthony', 1946),
(13, 'Brooks', 'Albert', 1947),
(31, 'Hanks', 'Tom', 1956),
(32, 'Wright', 'Robin', 1966),
(39, 'Mendes', 'Sam', 1965),
(40, 'Welles', 'Orson', 1915),
(42, 'von Trier', 'Lars', 1956),
(49, 'Bello', 'Maria', 1967),
(50, 'Deneuve', 'Catherine', 1943),
(53, 'Stormare', 'Peter', 1953),
(62, 'Willis', 'Bruce', 1955),
(64, 'Oldman', 'Gary', 1958),
(65, 'Holm', 'Ian', 1931),
(66, 'Tucker', 'Chris', 1971),
(68, 'Lang', 'Fritz', 1890),
(85, 'Depp', 'Johnny', 1963),
(99, 'Plummer', 'Amanda', 1957),
(103, 'Ruffalo', 'Mark', 1967),
(110, 'Mortensen', 'Viggo', 1958),
(112, 'Blanchett', 'Cate', 1969),
(113, 'Lee', 'Christopher', 1922),
(130, 'Baker', 'Kenny', 1934),
(131, 'Gyllenhaal', 'Jake', 1980),
(134, 'Foxx', 'Jamie', 1967),
(138, 'Tarantino', 'Quentin', 1963),
(139, 'Thurman', 'Uma', 1970),
(140, 'Liu', 'Lucy', 1968),
(141, 'Carradine', 'David', 1936),
(147, 'Madsen', 'Michael', 1957),
(190, 'Eastwood', 'Clint', 1930),
(192, 'Freeman', 'Morgan', 1937),
(193, 'Hackman', 'Gene', 1930),
(194, 'Harris', 'Richard', 1930),
(201, 'Gondry', 'Michel', 1963),
(204, 'Winslet', 'Kate', 1975),
(205, 'Dunst', 'Kirsten', 1982),
(206, 'Carrey', 'Jim', 1962),
(207, 'Wilkinson', 'Tom', 1948),
(223, 'González Iñárritu', 'Alejandro', 1963),
(224, 'Cronenberg', 'David', 1943),
(225, 'Holmes', 'Ashton', 1978),
(226, 'Hayes', 'Heidi', NULL),
(227, 'Hurt', 'William', 1950),
(228, 'Harris', 'Ed', 1950),
(240, 'Kubrick', 'Stanley', 1928),
(245, 'Dullea', 'Keir', 1936),
(246, 'Lockwood', 'Gary', 1937),
(247, 'Sylvester', 'William', 1922),
(248, 'Richter', 'Daniel', NULL),
(253, 'Rain', 'Douglas', 1928),
(258, 'García Bernal', 'Gael', 1978),
(287, 'Pitt', 'Brad', 1963),
(289, 'Stowe', 'Madeleine', 1958),
(290, 'Plummer', 'Christopher', 1929),
(335, 'Shannon', 'Michael', 1974),
(349, 'Glenn', 'Scott', 1941),
(351, 'Davis', 'Judy', 1955),
(368, 'Witherspoon', 'Reese', 1976),
(380, 'De Niro', 'Robert', 1943),
(488, 'Spielberg', 'Steven', 1946),
(500, 'Cruise', 'Tom', 1962),
(510, 'Burton', 'Tim', 1958),
(514, 'Nicholson', 'Jack', 1937),
(517, 'Brosnan', 'Pierce', 1953),
(518, 'DeVito', 'Danny', 1944),
(524, 'Portman', 'Natalie', 1981),
(525, 'Nolan', 'Christopher', 1970),
(526, 'Haas', 'Lukas', 1976),
(529, 'Pearce', 'Guy', 1967),
(530, 'Moss', 'Carrie-Anne', 1967),
(532, 'Pantoliano', 'Joe', 1951),
(534, 'Boone Junior', 'Mark', 1955),
(537, 'Tobolowsky', 'Stephen', 1951),
(538, 'Sansom Harris', 'Harriet', 1955),
(578, 'Scott', 'Ridley', 1937),
(585, 'Hauer', 'Rutger', 1944),
(586, 'Young', 'Sean', 1959),
(587, 'James Olmos', 'Edward', 1947),
(588, 'Emmet Walsh', 'M.', 1935),
(589, 'Hannah', 'Daryl', 1960),
(638, 'Mann', 'Michael', 1943),
(650, 'Allen', 'Karen', 1951),
(652, 'Freeman', 'Paul', 1943),
(653, 'Lacey', 'Ronald', 1935),
(655, 'Rhys-Davies', 'John', 1944),
(656, 'Elliott', 'Denholm', 1922),
(658, 'Molina', 'Alfred', 1953),
(659, 'Kahler', 'Wolf', 1940),
(660, 'Higgins', 'Anthony', 1947),
(689, 'Capshaw', 'Kate', 1953),
(690, 'Ke Quan', 'Jonathan', 1971),
(691, 'Puri', 'Amrish', 1932),
(693, 'Seth', 'Roshan', 1942),
(694, 'Stone', 'Philip', 1924),
(695, 'Chiao', 'Roy', 1937),
(738, 'Connery', 'Sean', 1930),
(739, 'Doody', 'Alison', 1966),
(740, 'Glover', 'Julian', 1935),
(741, 'Phoenix', 'River', 1970),
(780, 'Cox', 'Ronny', 1938),
(782, 'Berkoff', 'Steven', 1937),
(793, 'Buñuel', 'Luis', 1900),
(819, 'Norton', 'Edward', 1969),
(854, 'Stewart', 'James', 1908),
(856, 'Gazzara', 'Ben', 1930),
(884, 'Buscemi', 'Steve', 1957),
(887, 'Wilson', 'Owen', 1968),
(920, 'Prochnow', 'Jürgen', 1941),
(934, 'Crowe', 'Russell', 1964),
(935, 'Nielsen', 'Connie', 1965),
(936, 'Reed', 'Oliver', 1938),
(937, 'Jacobi', 'Derek', 1938),
(938, 'Hounsou', 'Djimon', 1964),
(1019, 'Mikkelsen', 'Mads', 1965),
(1032, 'Scorsese', 'Martin', 1942),
(1036, 'Shepherd', 'Cybill', 1950),
(1037, 'Keitel', 'Harvey', 1939),
(1038, 'Foster', 'Jodie', 1962),
(1090, 'McTiernan', 'John', 1951),
(1100, 'Schwarzenegger', 'Arnold', 1947),
(1121, 'del Toro', 'Benicio', 1967),
(1150, 'De Palma', 'Brian', 1940),
(1158, 'Pacino', 'Al', 1940),
(1164, 'Murray Abraham', 'F.', 1939),
(1223, 'Coen', 'Joel', 1954),
(1224, 'Coen', 'Ethan', 1957),
(1229, 'Bridges', 'Jeff', 1949),
(1231, 'Moore', 'Julianne', 1960),
(1243, 'Allen', 'Woody', 1935),
(1244, 'Rhys Meyers', 'Jonathan', 1977),
(1245, 'Johansson', 'Scarlett', 1984),
(1246, 'Mortimer', 'Emily', 1971),
(1248, 'Cox', 'Brian', 1946),
(1249, 'Wilton', 'Penelope', 1946),
(1270, 'Martin Smith', 'Charles', 1953),
(1271, 'García', 'Andy', 1956),
(1283, 'Bonham Carter', 'Helena', 1966),
(1331, 'Weaving', 'Hugo', 1960),
(1339, 'Ziyi', 'Zhang', 1979),
(1370, 'Dourif', 'Brad', 1950),
(1462, 'Blake Nelson', 'Tim', 1964),
(1466, 'Durning', 'Charles', 1923),
(1472, 'McKinnon', 'Ray', 1957),
(1532, 'Murray', 'Bill', 1950),
(1579, 'Gyllenhaal', 'Maggie', 1977),
(1614, 'Lee', 'Ang', 1954),
(1619, 'Yun-Fat', 'Chow', 1955),
(1620, 'Yeoh', 'Michelle', 1962),
(1622, 'Chen', 'Chang', 1976),
(1623, 'Lung', 'Sihung', 1930),
(1624, 'Pei-Pei', 'Cheng', 1946),
(1625, 'Zeng Li', 'Fa', NULL),
(1639, 'Watson', 'Emily', 1967),
(1640, 'Skarsgård', 'Stellan', 1951),
(1641, 'Cartlidge', 'Katrin', 1961),
(1642, 'Barr', 'Jean-Marc', 1960),
(1643, 'Rawlins', 'Adrian', 1958),
(1650, 'Truffaut', 'François', 1932),
(1653, 'Leaud', 'Jean-Pierre', 1944),
(1654, 'Maurier', 'Claire', 1929),
(1655, 'Remy', 'Albert', 1911),
(1658, 'Flamant', 'Georges', 1903),
(1659, 'Auffay', 'Patrick', NULL),
(1736, 'Remar', 'James', 1953),
(1769, 'Coppola', 'Sofia', 1971),
(1771, 'Ribisi', 'Giovanni', 1974),
(1776, 'Ford Coppola', 'Francis', 1939),
(1810, 'Ledger', 'Heath', 1979),
(1811, 'Quaid', 'Randy', 1950),
(1812, 'Williams', 'Michelle', 1980),
(1813, 'Hathaway', 'Anne', 1982),
(1817, 'Cardellini', 'Linda', 1975),
(1818, 'Winfield', 'Paul', 1939),
(1844, 'Schweiger', 'Til', 1963),
(1893, 'Affleck', 'Casey', 1975),
(1903, 'Arkin', 'Alan', 1934),
(1920, 'Ryder', 'Winona', 1971),
(1925, 'Cassel', 'Vincent', 1966),
(1932, 'Hepburn', 'Audrey', 1929),
(1936, 'Balsam', 'Martin', 1919),
(1954, 'Zane', 'Billy', 1966),
(1972, 'Lavanant', 'Dominique', 1944),
(1979, 'Spacey', 'Kevin', 1959),
(2037, 'Murphy', 'Cillian', 1976),
(2038, 'Harris', 'Naomie', 1976),
(2087, 'Fleischer', 'Richard', 1916),
(2090, 'Douglas', 'Kirk', 1916),
(2091, 'Mason', 'James', 1909),
(2094, 'Lorre', 'Peter', 1904),
(2097, 'de Corsia', 'Ted', 1905),
(2109, 'Cattrall', 'Kim', 1956),
(2115, 'Smith', 'Kurtwood', 1943),
(2133, 'Meyer', 'Dina', 1968),
(2176, 'Lee Jones', 'Tommy', 1946),
(2179, 'Amis', 'Suzy', 1962),
(2192, 'Wilson', 'Lambert', 1958),
(2201, 'von Sydow', 'Max', 1929),
(2206, 'Morton', 'Samantha', 1977),
(2207, 'Smith', 'Lois', 1930),
(2219, 'Maguire', 'Tobey', 1975),
(2224, 'Slater', 'Christian', 1969),
(2226, 'Pollack', 'Sydney', 1934),
(2227, 'Kidman', 'Nicole', 1967),
(2228, 'Penn', 'Sean', 1960),
(2229, 'Keener', 'Catherine', 1959),
(2230, 'Grier', 'Pam', 1949),
(2231, 'L. Jackson', 'Samuel', 1948),
(2232, 'Keaton', 'Michael', 1951),
(2233, 'Fonda', 'Bridget', 1964),
(2234, 'Bowen', 'Michael', 1953),
(2264, 'Magee', 'Patrick', 1922),
(2282, 'Kingsley', 'Ben', 1943),
(2314, 'Falk', 'Peter', 1927),
(2319, 'de Medeiros', 'Maria', 1965),
(2352, 'Annaud', 'Jean-Jacques', 1943),
(2367, 'Qualtinger', 'Helmut', 1928),
(2368, 'Baskin', 'Elya', 1950),
(2369, 'Lonsdale', 'Michael', 1931),
(2370, 'Prechtel', 'Volker', 1941),
(2413, 'Pinon', 'Dominique', 1955),
(2440, 'Nighy', 'Bill', 1949),
(2449, 'McNally', 'Kevin', 1956),
(2524, 'Hardy', 'Tom', 1977),
(2535, 'A. Fox', 'Vivica', 1964),
(2536, 'Parks', 'Michael', 1940),
(2537, 'Chiba', 'Sonny', 1939),
(2538, 'Kuriyama', 'Chiaki', 1984),
(2539, 'Dreyfus', 'Julie', 1966),
(2559, 'Clouzot', 'Henri-Georges', 1907),
(2561, 'Argo', 'Victor', 1934),
(2565, 'Montand', 'Yves', 1921),
(2628, 'Sutherland', 'Kiefer', 1966),
(2636, 'Hitchcock', 'Alfred', 1899),
(2638, 'Grant', 'Cary', 1904),
(2639, 'Marie Saint', 'Eva', 1924),
(2641, 'Landau', 'Martin', 1928),
(2642, 'G. Carroll', 'Leo', 1892),
(2690, 'Weir', 'Peter', 1944),
(2710, 'Cameron', 'James', 1954),
(2712, 'Biehn', 'Michael', 1956),
(2713, 'Hamilton', 'Linda', 1956),
(2714, 'Henriksen', 'Lance', 1940),
(2888, 'Smith', 'Will', 1968),
(2954, 'Wright', 'Jeffrey', 1965),
(2963, 'Cage', 'Nicolas', 1964),
(2969, 'Penn', 'Chris', 1965),
(2975, 'Fishburne', 'Laurence', 1961),
(2978, 'Minghella', 'Max', 1985),
(3001, 'Veidt', 'Conrad', 1893),
(3017, 'Williams', 'Samm-Art', 1946),
(3037, 'Dreyfuss', 'Richard', 1947),
(3041, 'Bell', 'Marshall', 1942),
(3051, 'Collette', 'Toni', 1972),
(3061, 'McGregor', 'Ewan', 1971),
(3063, 'Swinton', 'Tilda', 1960),
(3084, 'Brando', 'Marlon', 1924),
(3085, 'Caan', 'James', 1940),
(3086, 'S. Castellano', 'Richard', 1933),
(3087, 'Duvall', 'Robert', 1931),
(3088, 'Hayden', 'Sterling', 1916),
(3090, 'Conte', 'Richard', 1910),
(3092, 'Keaton', 'Diane', 1946),
(3094, 'Shire', 'Talia', 1946),
(3096, 'Cazale', 'John', 1935),
(3129, 'Roth', 'Tim', 1961),
(3137, 'Calderon', 'Paul', 1959),
(3142, 'Marley', 'John', 1907),
(3146, 'Wilder', 'Billy', 1906),
(3149, 'Monroe', 'Marilyn', 1926),
(3150, 'Curtis', 'Tony', 1925),
(3151, 'Lemmon', 'Jack', 1925),
(3152, 'Raft', 'George', 1895),
(3155, 'O’Brien', 'Pat', 1899),
(3171, 'Strasberg', 'Lee', 1901),
(3172, 'V. Gazzo', 'Michael', 1923),
(3173, 'D. Spradlin', 'G.', 1920),
(3174, 'Bright', 'Richard', 1937),
(3196, 'Lewis', 'Juliette', 1973),
(3197, 'Sizemore', 'Tom', 1961),
(3203, 'Means', 'Russell', 1939),
(3206, 'Baltz', 'Kirk', 1959),
(3229, 'Howard', 'Arliss', 1954),
(3265, 'Wallach', 'Eli', 1915),
(3266, 'Mantegna', 'Joe', 1947),
(3267, 'Hamilton', 'George', 1939),
(3268, 'Vallone', 'Raf', 1916),
(3291, 'Grant', 'Hugh', 1960),
(3292, 'Hoult', 'Nicholas', 1989),
(3293, 'Weisz', 'Rachel', 1970),
(3336, 'Gray', 'Coleen', 1922),
(3337, 'Edwards', 'Vince', 1928),
(3338, 'C. Flippen', 'Jay', 1899),
(3339, 'Cook Jr.', 'Elisha', 1903),
(3359, 'Olivier', 'Laurence', 1907),
(3360, 'Fontaine', 'Joan', 1917),
(3361, 'Sanders', 'George', 1906),
(3362, 'Anderson', 'Judith', 1897),
(3363, 'Bruce', 'Nigel', 1895),
(3364, 'Denny', 'Reginald', 1891),
(3381, 'Ford', 'Glenn', 1916),
(3391, 'Turner', 'Kathleen', 1954),
(3489, 'Watts', 'Naomi', 1968),
(3490, 'Brody', 'Adrien', 1973),
(3491, 'Kretschmann', 'Thomas', 1962),
(3497, 'Chandler', 'Kyle', 1965),
(3540, 'Coutard', 'Raoul', 1924),
(3556, 'Polanski', 'Roman', 1933),
(3573, 'Boulanger', 'Daniel', 1922),
(3710, 'Woolvett', 'Jaimz', 1967),
(3711, 'Levine', 'Anna', 1955),
(3712, 'Rubinek', 'Saul', 1948),
(3713, 'Fisher', 'Frances', 1952),
(3776, 'Godard', 'Jean-Luc', 1930),
(3783, 'Bardot', 'Brigitte', 1934),
(3784, 'Piccoli', 'Michel', 1925),
(3785, 'Palance', 'Jack', 1919),
(3786, 'Moll', 'Giorgia', 1938),
(3799, 'Dee Williams', 'Billy', 1937),
(3810, 'Bardem', 'Javier', 1969),
(3829, 'Belmondo', 'Jean-Paul', 1933),
(3830, 'Seberg', 'Jean', 1938),
(3831, 'Melville', 'Jean-Pierre', 1917),
(3857, 'Edwall', 'Allan', 1924),
(3872, 'Brühl', 'Daniel', 1978),
(3894, 'Bale', 'Christian', 1974),
(3895, 'Caine', 'Michael', 1933),
(3896, 'Neeson', 'Liam', 1952),
(3897, 'Holmes', 'Katie', 1978),
(3899, 'Watanabe', 'Ken', 1959),
(3905, 'H. Macy', 'William', 1950),
(3906, 'Rudrüd', 'Kristin', 1955),
(3910, 'McDormand', 'Frances', 1957),
(3926, 'Finney', 'Albert', 1936),
(3950, 'Wiseman', 'Len', 1973),
(3968, 'Sheen', 'Michael', 1969),
(3974, 'Forman', 'Miloš', 1932),
(4038, 'Sarandon', 'Susan', 1946),
(4070, 'Kelly', 'Grace', 1929),
(4078, 'Van Cleef', 'Lee', 1925),
(4091, 'MacMurray', 'Fred', 1908),
(4109, 'Curtiz', 'Michael', 1886),
(4110, 'Bogart', 'Humphrey', 1899),
(4111, 'Bergman', 'Ingrid', 1915),
(4112, 'Henreid', 'Paul', 1908),
(4113, 'Rains', 'Claude', 1889),
(4114, 'Greenstreet', 'Sydney', 1879),
(4135, 'Redford', 'Robert', 1936),
(4139, 'Skerritt', 'Tom', 1933),
(4173, 'Hopkins', 'Anthony', 1937),
(4251, 'Mahoney', 'John', 1940),
(4273, 'Gainsbourg', 'Charlotte', 1971),
(4342, 'Konstantin', 'Leopoldine', 1886),
(4343, 'Calhern', 'Louis', 1895),
(4385, 'Leone', 'Sergio', 1929),
(4415, 'Fellini', 'Federico', 1920),
(4430, 'Stone', 'Sharon', 1958),
(4443, 'McDonald', 'Christopher', 1955),
(4483, 'Hoffman', 'Dustin', 1937),
(4495, 'Carell', 'Steve', 1962),
(4512, 'Woods', 'James', 1947),
(4517, 'Pesci', 'Joe', 1943),
(4566, 'Rickman', 'Alan', 1946),
(4690, 'Walken', 'Christopher', 1943),
(4765, 'Robards', 'Jason', 1922),
(4776, 'Murphy', 'Michael', 1938),
(4778, 'Dillon', 'Melinda', 1939),
(4783, 'Neill', 'Sam', 1947),
(4784, 'Dern', 'Laura', 1967),
(4785, 'Goldblum', 'Jeff', 1952),
(4786, 'Attenborough', 'Richard', 1923),
(4789, 'Peck', 'Bob', 1945),
(4790, 'Ferrero', 'Martin', 1947),
(4800, 'Rowlands', 'Gena', 1930),
(4808, 'Esposito', 'Giancarlo', 1958),
(4924, 'Semmelrogge', 'Martin', 1955),
(4935, 'Postlethwaite', 'Pete', 1945),
(4937, 'Vaughn', 'Vince', 1970),
(4970, 'Gordon', 'Ruth', 1896),
(5006, 'Eginton', 'Madison', 1989),
(5007, 'Sawiris', 'Jackie', NULL),
(5026, 'Kurosawa', 'Akira', 1910),
(5047, 'Cartwright', 'Veronica', 1949),
(5048, 'Dean Stanton', 'Harry', 1926),
(5049, 'Hurt', 'John', 1940),
(5064, 'Streep', 'Meryl', 1949),
(5081, 'Blunt', 'Emily', 1983),
(5168, 'Byrne', 'Gabriel', 1950),
(5228, 'Grönemeyer', 'Herbert', 1956),
(5229, 'Wennemann', 'Klaus', 1940),
(5230, 'Bengsch', 'Hubertus', 1952),
(5231, 'Petersen', 'Wolfgang', 1941),
(5249, 'Marshall', 'E.G.', 1914),
(5251, 'Warden', 'Jack', 1920),
(5266, 'Vogler', 'Rüdiger', 1942),
(5293, 'Dafoe', 'Willem', 1955),
(5309, 'Dench', 'Judi', 1934),
(5443, 'Lindon', 'Vincent', 1959),
(5469, 'Fiennes', 'Ralph', 1962),
(5563, 'Coburn', 'James', 1928),
(5576, 'Kilmer', 'Val', 1959),
(5602, 'Lynch', 'David', 1946),
(5658, 'Gambon', 'Michael', 1940),
(5676, 'Mastroianni', 'Marcello', 1924),
(5682, 'Aimee', 'Anouk', 1932),
(5694, 'Forster', 'Robert', 1941),
(5698, 'Tandy', 'Jessica', 1909),
(5723, 'Leguizamo', 'John', 1964),
(5729, 'Novak', 'Kim', 1933),
(5730, 'Bel Geddes', 'Barbara', 1922),
(5813, 'Giuffre', 'Aldo', 1924),
(5814, 'Pistilli', 'Luigi', 1929),
(5942, 'Gordon', 'Barbara', NULL),
(5961, 'Ekberg', 'Anita', 1931),
(5962, 'Furneaux', 'Yvonne', 1928),
(5963, 'Noël', 'Magali', 1932),
(6020, 'Podalydes', 'Denis', 1963),
(6068, 'Ward', 'Sela', 1956),
(6159, 'Howard', 'Ron', 1954),
(6163, 'Goldberg', 'Adam', 1970),
(6193, 'DiCaprio', 'Leonardo', 1974),
(6200, 'Venora', 'Diane', 1952),
(6349, 'J. Pakula', 'Alan', 1928),
(6355, 'Scheider', 'Roy', 1932),
(6368, 'Davidtz', 'Embeth', 1965),
(6383, 'Eckhart', 'Aaron', 1968),
(6384, 'Reeves', 'Keanu', 1964),
(6413, 'Huston', 'Danny', 1962),
(6431, 'Aronofsky', 'Darren', 1969),
(6450, 'Dunaway', 'Faye', 1941),
(6486, 'Hedaya', 'Dan', 1940),
(6487, 'Roundtree', 'Richard', 1942),
(6548, 'Renauld', 'Isabelle', 1966),
(6574, 'Brown', 'Clancy', 1959),
(6585, 'Haney-Jardine', 'Perla', 1997),
(6593, 'Huston', 'John', 1906),
(6637, 'Finlay', 'Frank', 1926),
(6638, 'Lipman', 'Maureen', 1946),
(6639, 'Fox', 'Emilia', 1974),
(6648, 'Bergman', 'Ingmar', 1918),
(6649, 'Björnstrand', 'Gunnar', 1909),
(6657, 'Andersson', 'Bibi', 1935),
(6692, 'Goodall', 'Caroline', 1959),
(6693, 'Sagall', 'Jonathan', 1959),
(6719, 'Wise', 'Ray', 1947),
(6804, 'Greene', 'Graham', 1952),
(6807, 'Rockwell', 'Sam', 1968),
(6832, 'Leo', 'Melissa', 1960),
(6837, 'Matthau', 'Walter', 1920),
(6856, 'Russell', 'Kurt', 1951),
(6885, 'Theron', 'Charlize', 1975),
(6886, 'Ricci', 'Christina', 1980),
(6929, 'Hedren', 'Tippi', 1930),
(6937, 'Tierney', 'Lawrence', 1919),
(6938, 'Brooks', 'Randy', 1950),
(6939, 'Bunker', 'Edward', 1933),
(6941, 'Diaz', 'Cameron', 1972),
(6968, 'Jackman', 'Hugh', 1968),
(6972, 'McShane', 'Ian', 1942),
(7004, 'Sorvino', 'Paul', 1939),
(7036, 'Stoltz', 'Eric', 1961),
(7037, 'Anglade', 'Jean-Hugues', 1955),
(7056, 'Thompson', 'Emma', 1959),
(7071, 'Fletcher', 'Louise', 1934),
(7072, 'Redfield', 'William', 1927),
(7077, 'Crothers', 'Scatman', 1910),
(7166, 'Pollak', 'Kevin', 1957),
(7167, 'Rickles', 'Don', 1926),
(7169, 'King', 'Alan', 1927),
(7248, 'Curtis', 'Cliff', 1968),
(7276, 'Consigny', 'Anne', 1963),
(7288, 'Brize', 'Stephane', 1966),
(7301, 'Perkins', 'Anthony', 1932),
(7302, 'Leigh', 'Janet', 1927),
(7303, 'Miles', 'Vera', 1929),
(7304, 'Gavin', 'John', 1931),
(7396, 'Farrelly', 'Peter', 1956),
(7447, 'Baldwin', 'Alec', 1958),
(7450, 'Mifune', 'Toshirō', 1920),
(7451, 'Kyō', 'Machiko', 1924),
(7452, 'Mori', 'Masayuki', 1911),
(7453, 'Shimura', 'Takashi', 1905),
(7454, 'Chiaki', 'Minoru', 1917),
(7467, 'Fincher', 'David', 1962),
(7470, 'Loaf', 'Meat', 1947),
(7499, 'Leto', 'Jared', 1971),
(7502, 'Borgnine', 'Ernest', 1917),
(7572, 'Hoffman', 'Thom', 1957),
(7623, 'Raimi', 'Sam', 1959),
(7664, 'Cotten', 'Joseph', 1905),
(7672, 'VelJohnson', 'Reginald', 1952),
(7673, 'Bedelia', 'Bonnie', 1948),
(7674, 'Godunov', 'Alexander', 1949),
(7676, 'Atherton', 'William', 1947),
(7683, 'Corey', 'Wendell', 1914),
(7684, 'Ritter', 'Thelma', 1905),
(7685, 'Burr', 'Raymond', 1917),
(7795, 'Henry', 'Buck', 1930),
(7803, 'Berkel', 'Christian', 1957),
(7908, 'Oz', 'Frank', 1944),
(8197, 'Koch', 'Sebastian', 1962),
(8229, 'Taylor', 'Rod', 1930),
(8237, 'Day', 'Doris', 1922),
(8238, 'De Banzie', 'Brenda', 1909),
(8239, 'Miles', 'Bernard', 1907),
(8240, 'Mowbray', 'Alan', 1896),
(8252, 'Holden', 'William', 1918),
(8289, 'Crudup', 'Billy', 1968),
(8293, 'Cotillard', 'Marion', 1975),
(8349, 'Sheen', 'Martin', 1940),
(8350, 'Bottoms', 'Sam', 1955),
(8351, 'Forrest', 'Frederic', 1936),
(8354, 'Hall', 'Albert', 1937),
(8434, 'Williams', 'Cindy', 1947),
(8436, 'Richardson', 'Miranda', 1958),
(8437, 'Garr', 'Teri', 1944),
(8452, 'Tarkovsky', 'Andrei', 1932),
(8474, 'Järvet', 'Jüri', 1919),
(8475, 'Solonitsyn', 'Anatoliy', 1934),
(8534, 'Bates', 'Kathy', 1948),
(8535, 'Stuart', 'Gloria', 1910),
(8536, 'Garber', 'Victor', 1949),
(8557, 'Meirelles', 'Fernando', 1955),
(8606, 'Shaw', 'Robert', 1927),
(8607, 'Gary', 'Lorraine', 1937),
(8608, 'Hamilton', 'Murray', 1923),
(8629, 'Swanson', 'Gloria', 1899),
(8630, 'von Stroheim', 'Erich', 1885),
(8631, 'Olson', 'Nancy', 1928),
(8632, 'Clark', 'Fred', 1914),
(8635, 'Keaton', 'Buster', 1895),
(8655, 'Lee Ermey', 'R.', 1944),
(8724, 'Flynn', 'Errol', 1909),
(8725, 'de Havilland', 'Olivia', 1916),
(8726, 'Knowles', 'Patric', 1911),
(8784, 'Craig', 'Daniel', 1968),
(8789, 'Amalric', 'Mathieu', 1965),
(8857, 'Reynolds', 'Debbie', 1932),
(8891, 'Travolta', 'John', 1954),
(8925, 'Seigner', 'Emmanuelle', 1966),
(8975, 'Waterston', 'Sam', 1940),
(9015, 'Macdonald', 'Kelly', 1976),
(9032, 'Singer', 'Bryan', 1965),
(9045, 'Baldwin', 'Stephen', 1966),
(9046, 'Palminteri', 'Chazz', 1952),
(9205, 'Richards', 'Denise', 1971),
(9273, 'Adams', 'Amy', 1974),
(9339, 'Wachowski', 'Lilly', 1967),
(9340, 'Wachowski', 'Lana', 1965),
(9364, 'Foster', 'Gloria', 1933),
(9443, 'Bakaitis', 'Helmut', 1944),
(9575, 'Pinkett Smith', 'Jada', 1971),
(9762, 'Sorel', 'Jean', 1934),
(9824, 'Kruger', 'Diane', 1976),
(9880, 'Shepard', 'Sam', 1943),
(9920, 'Celi', 'Adolfo', 1922),
(9976, 'Thomas', 'Henry', 1971),
(9978, 'MacNaughton', 'Robert', 1966),
(9979, 'Coyote', 'Peter', 1941),
(10001, 'Wyler', 'William', 1902),
(10017, 'Heston', 'Charlton', 1923),
(10018, 'Hawkins', 'Jack', 1910),
(10019, 'Harareet', 'Haya', 1931),
(10020, 'Boyd', 'Stephen', 1931),
(10021, 'Griffith', 'Hugh', 1912),
(10127, 'Voight', 'Jon', 1938),
(10182, 'Rhames', 'Ving', 1959),
(10205, 'Weaver', 'Sigourney', 1949),
(10262, 'Ferreol', 'Andrea', 1947),
(10297, 'McConaughey', 'Matthew', 1969),
(10401, 'Danner', 'Blythe', 1943),
(10409, 'Duvall', 'Shelley', 1949),
(10410, 'Lloyd', 'Danny', 1973),
(10411, 'Nelson', 'Barry', 1917),
(10447, 'Hemingway', 'Mariel', 1961),
(10477, 'Dzundza', 'George', 1945),
(10491, 'Verhoeven', 'Paul', 1938),
(10555, 'Roberts', 'Tony', 1939),
(10556, 'Kane', 'Carol', 1952),
(10557, 'Simon', 'Paul', 1941),
(10647, 'Maria Brandauer', 'Klaus', 1943),
(10648, 'Kitchen', 'Michael', 1948),
(10649, 'Bowens', 'Malick', NULL),
(10650, 'Thiaka', 'Joseph', NULL),
(10651, 'Kinyanjui', 'Stephen', NULL),
(10702, 'Campbell', 'Martin', 1943),
(10767, 'Hershey', 'Barbara', 1948),
(10768, 'Ticotin', 'Rachel', 1958),
(10774, 'Bancroft', 'Anne', 1931),
(10814, 'Snipes', 'Wesley', 1962),
(10823, 'Kristofferson', 'Kris', 1936),
(10885, 'Tsang', 'Kenneth', 1938),
(10912, 'Green', 'Eva', 1980),
(10921, 'Laughton', 'Charles', 1899),
(10924, 'Daniell', 'Henry', 1894),
(10930, 'Kershner', 'Irvin', 1923),
(11027, 'Sloane', 'Everett', 1909),
(11065, 'Brimley', 'Wilford', 1934),
(11066, 'Holbrook', 'Hal', 1925),
(11084, 'McGillis', 'Kelly', 1957),
(11086, 'Ironside', 'Michael', 1950),
(11141, 'Draper', 'Fred', 1925),
(11147, 'Cassavetes', 'John', 1929),
(11148, 'Allen', 'Joan', 1956),
(11187, 'de Funes', 'Louis', 1914),
(11195, 'Oury', 'Gerard', 1919),
(11281, 'Cusack', 'Sinead', 1948),
(11367, 'Whitford', 'Bradley', 1959),
(11401, 'Woo', 'John', 1946),
(11477, 'Liotta', 'Ray', 1954),
(11478, 'Bracco', 'Lorraine', 1954),
(11480, 'Sivero', 'Frank', 1952),
(11482, 'Darrow', 'Tony', 1938),
(11528, 'Renoir', 'Jean', 1894),
(11535, 'Dubost', 'Paulette', 1910),
(11544, 'Gabin', 'Jean', 1904),
(11545, 'Parlo', 'Dita', 1908),
(11546, 'Fresnay', 'Pierre', 1897),
(11548, 'Peclet', 'Georges', NULL),
(11616, 'Williams', 'Olivia', 1968),
(11703, 'Washington', 'Kerry', 1977),
(11770, 'Carpenter', 'John', 1948),
(11783, 'Houseman', 'John', 1902),
(11852, 'Jaffrey', 'Saeed', 1929),
(11856, 'Day-Lewis', 'Daniel', 1957),
(11857, 'Gielgud', 'John', 1904),
(11885, 'C. McGinley', 'John', 1959),
(11916, 'Ullmann', 'Liv', 1938),
(11917, 'Krook', 'Margaretha', 1925),
(11983, 'Resnais', 'Alain', 1922),
(12021, 'Farrow', 'Mia', 1945),
(12022, 'Blackmer', 'Sidney', 1895),
(12023, 'Evans', 'Maurice', 1901),
(12052, 'Paltrow', 'Gwyneth', 1972),
(12111, 'Timberlake', 'Justin', 1981),
(12114, 'Cimino', 'Michael', 1939),
(12248, 'Guinness', 'Alec', 1914),
(12250, 'Donald', 'James', 1917),
(12266, 'Signoret', 'Simone', 1921),
(12267, 'Meurisse', 'Paul', 1912),
(12295, 'Lopez', 'Perry', 1929),
(12296, 'Hillerman', 'John', 1932),
(12322, 'Widmann', 'Ellen', 1894),
(12323, 'Landgut', 'Inge', 1922),
(12324, 'Wernicke', 'Otto', 1893),
(12406, 'Le Mat', 'Paul', 1946),
(12407, 'Clark', 'Candy', 1947),
(12422, 'Weaver', 'Dennis', 1924),
(12423, 'Firestone', 'Eddie', 1920),
(12438, 'Balaban', 'Bob', 1945),
(12439, 'Patrick McNamara', 'J.', NULL),
(12440, 'J. Kemmerling', 'Warren', 1924),
(12452, 'Douglas', 'Shirley', 1934),
(12497, 'Granger', 'Farley', 1925),
(12498, 'Roman', 'Ruth', 1922),
(12499, 'Walker', 'Robert', 1918),
(12500, 'Hitchcock', 'Patricia', 1928),
(12501, 'Lorne', 'Marion', 1883),
(12505, 'Rogers', 'Kasey', 1925),
(12518, 'Jordan', 'Richard', 1937),
(12647, 'Mueller-Stahl', 'Armin', 1930),
(12716, 'Carlson', 'Leslie', 1933),
(12773, 'Galvani', 'Graziella', 1931),
(12833, 'Burns', 'Edward', 1968),
(12834, 'Pepper', 'Barry', 1970),
(12835, 'Diesel', 'Vin', 1967),
(12950, 'Kennedy', 'George', 1925),
(12989, 'Davis', 'Andrew', 1946),
(13023, 'Camp', 'Colleen', 1953),
(13284, 'Donen', 'Stanley', 1924),
(13294, 'Kelly', 'Gene', 1912),
(13295, 'O Connor', 'Donald', 1925),
(13296, 'Hagen', 'Jean', 1923),
(13297, 'Mitchell', 'Millard', 1903),
(13325, 'Hiller', 'Wendy', 1912),
(13566, 'G. Robinson', 'Edward', 1893),
(13568, 'Blondell', 'Joan', 1906),
(13724, 'Alexander', 'Jane', 1939),
(13726, 'Beatty', 'Ned', 1937),
(13848, 'Chaplin', 'Charlie', 1889),
(14016, 'MacGowran', 'Jack', 1918),
(14027, 'Goddard', 'Paulette', 1910),
(14028, 'Oakie', 'Jack', 1903),
(14029, 'Gardiner', 'Reginald', 1903),
(14242, 'Servais', 'Jean', 1910),
(14276, 'Maria Volonte', 'Gian', 1933),
(14299, 'May Whitty', 'Dame', 1865),
(14364, 'Sanford', 'Erskine', 1885),
(14438, 'Bergman', 'Henry', 1868),
(14500, 'Simmons', 'Jean', 1929),
(14501, 'Ustinov', 'Peter', 1921),
(14541, 'Sarandon', 'Chris', 1942),
(14562, 'Meeker', 'Ralph', 1920),
(14563, 'Menjou', 'Adolphe', 1890),
(14564, 'Macready', 'George', 1899),
(14565, 'Morris', 'Wayne', 1914),
(14698, 'Ann Miller', 'Penelope', 1964),
(14792, 'Sommer', 'Josef', 1934),
(14812, 'Moreau', 'Jeanne', 1928),
(14888, 'McGill', 'Bruce', 1950),
(14974, 'Stanwyck', 'Barbara', 1907),
(14975, 'Hall', 'Porter', 1888),
(14976, 'Gaines', 'Richard', 1904),
(14977, 'Heather', 'Jean', 1921),
(15007, 'Harring', 'Laura', 1964),
(15008, 'Miller', 'Ann', 1923),
(15009, 'Theroux', 'Justin', 1971),
(15011, 'Briscoe', 'Brent', 1961),
(15033, 'Long', 'Justin', 1978),
(15135, 'Delon', 'Alain', 1935),
(15152, 'Earl Jones', 'James', 1931),
(15200, 'Birkin', 'Jane', 1946),
(15344, 'Abrams', 'J.J.', 1966),
(15370, 'Mol', 'Gretchen', 1972),
(15397, 'Ventura', 'Lino', 1919),
(15411, 'K. Carter', 'T.', 1956),
(15412, 'Clennon', 'David', 1943),
(15481, 'Basler', 'Marianne', 1964),
(15854, 'Levine', 'Ted', 1957),
(15860, 'Ferrer', 'Miguel', 1955),
(16214, 'Van Peebles', 'Mario', 1957),
(16293, 'Heald', 'Anthony', 1944),
(16294, 'Demme', 'Jonathan', 1944),
(16475, 'Reynolds', 'Burt', 1936),
(16560, 'Caruso', 'David', 1956),
(16702, 'Harris', 'Sean', 1966),
(16828, 'Evans', 'Chris', 1981),
(16847, 'Roth', 'Eli', 1972),
(16851, 'Brolin', 'Josh', 1968),
(16861, 'Hawkes', 'John', 1959),
(16927, 'Depardieu', 'Gerard', 1948),
(16935, 'Davis', 'Geena', 1956),
(16938, 'Harlin', 'Renny', 1959),
(16940, 'Irons', 'Jeremy', 1948),
(16959, 'Dayton', 'Jonathan', 1957),
(16960, 'Faris', 'Valerie', 1958),
(16972, 'López', 'Sergi', 1965),
(17029, 'Borgeaud', 'Nelly', 1931),
(17051, 'Franco', 'James', 1978),
(17052, 'Grace', 'Topher', 1978),
(17140, 'Breslin', 'Abigail', 1996),
(17141, 'Kinnear', 'Greg', 1963),
(17142, 'Dano', 'Paul', 1984),
(17236, 'Cook', 'A.J.', 1978),
(17238, 'Hayman', 'Leslie', 1978),
(17244, 'Christensen', 'Hayden', 1981),
(17288, 'Fassbender', 'Michael', 1977),
(17380, 'Chou', 'Jay', 1979),
(17419, 'Cranston', 'Bryan', 1956),
(17476, 'Wight', 'Peter', 1950),
(17477, 'Walter', 'Harriet', 1950),
(17483, 'Maloney', 'Michael', 1957),
(17484, 'Crowley', 'Dermot', 1947),
(17496, 'Audiard', 'Jacques', 1952),
(17497, 'Duris', 'Romain', 1974),
(17498, 'Arestrup', 'Niels', 1949),
(17499, 'Zaccaï', 'Jonathan', 1970),
(17500, 'Cohen', 'Gilles', 1963),
(17605, 'Elba', 'Idris', 1972),
(17882, 'Huppert', 'Isabelle', 1953),
(18054, 'Kikuchi', 'Rinko', 1981),
(18082, 'Olyphant', 'Timothy', 1968),
(18175, 'Moll', 'Dominik', 1962),
(18177, 'Dussollier', 'Andre', 1946),
(18178, 'Lucas', 'Laurent', 1965),
(18197, 'Karina', 'Anna', 1940),
(18216, 'Werner', 'Oskar', 1922),
(18217, 'Serre', 'Henri', 1931),
(18218, 'Dubois', 'Marie', 1937),
(18563, 'Lautner', 'Georges', 1926),
(18778, 'Poiret', 'Jean', 1926),
(18809, 'Dorleac', 'Françoise', 1942),
(18870, 'Glass', 'Ned', 1906),
(18966, 'Frank', 'Horst', 1929),
(18973, 'Kunis', 'Mila', 1983),
(18998, 'Harris', 'Rosemary', 1927),
(19077, 'Legrand', 'Xavier', 1979),
(19115, 'Đan Phạm', 'Linh', 1974),
(19116, 'Atika', 'Aure', 1970),
(19117, 'Devos', 'Emmanuelle', 1964),
(19119, 'Laurent', 'Melanie', 1983),
(19153, 'Robertson', 'Cliff', 1923),
(19159, 'Haden Church', 'Thomas', 1960),
(19162, 'Cassel', 'Jean-Pierre', 1932),
(19274, 'Rogen', 'Seth', 1982),
(19360, 'Drucker', 'Lea', 1972),
(19361, 'de Montalembert', 'Thibault', 1962),
(19426, 'Coogan', 'Jackie', 1914),
(19498, 'Bernthal', 'Jon', 1977),
(19613, 'Marshall', 'Mike', 1944),
(19647, 'Dalban', 'Robert', 1903),
(19665, 'Boorman', 'John', 1933),
(19800, 'Marquand', 'Richard', 1937),
(19866, 'Canet', 'Guillaume', 1973),
(20030, 'Perrin', 'Jacques', 1941),
(20211, 'Getz', 'John', 1946),
(20309, 'Yoakam', 'Dwight', 1956),
(20420, 'Sanders', 'Dirk', 1933),
(20425, 'Sumpter', 'Donald', 1943),
(20738, 'Kang-ho', 'Song', 1967),
(20767, 'Mathis', 'Samantha', 1970),
(20769, 'Stubbs', 'Imogen', 1961),
(20828, 'Inaba', 'Yoshio', 1920),
(20829, 'Miyaguchi', 'Seiji', 1913),
(20851, 'Azema', 'Sabine', 1949),
(20945, 'Jourdan', 'Catherine', 1948),
(21045, 'Q', 'Maggie', 1979),
(21171, 'Jugnot', 'Gerard', 1951),
(21175, 'Blanc', 'Michel', 1952),
(21177, 'Lhermitte', 'Thierry', 1952),
(21301, 'Purviance', 'Edna', 1895),
(21399, 'Silver', 'Ron', 1946),
(21669, 'Lioret', 'Philippe', 1955),
(21684, 'Joon-ho', 'Bong', 1969),
(21769, 'Podalydes', 'Bruno', 1961),
(21772, 'Karoubi', 'Jimmy', NULL),
(22306, 'Merad', 'Kad', 1964),
(22383, 'Nero', 'Franco', 1941),
(22703, 'Körner', 'Diana', 1944),
(23229, 'van Houten', 'Carice', 1976),
(23383, 'Bekhti', 'Leïla', 1984),
(24045, 'Gordon-Levitt', 'Joseph', 1981),
(24342, 'Prowse', 'David', 1935),
(24343, 'Mayhew', 'Peter', 1944),
(24379, 'Blier', 'Bernard', 1916),
(24467, 'Roussillon', 'Jean-Paul', 1931),
(24816, 'Arditi', 'Pierre', 1944),
(24880, 'Chakiris', 'George', 1934),
(24881, 'Dale', 'Grover', 1935),
(24882, 'Demy', 'Jacques', 1931),
(24903, 'Rich', 'Claude', 1929),
(25072, 'Isaac', 'Oscar', 1979),
(26100, 'Poupaud', 'Melvil', 1973),
(26165, 'Magre', 'Judith', 1926),
(26300, 'Sinjen', 'Sabine', 1942),
(26490, 'Lewis', 'Fiona', 1946),
(26557, 'Mayne', 'Ferdy', 1916),
(26784, 'Lee Sau-Yin', 'Danny', 1952),
(27319, 'Waltz', 'Christoph', 1956),
(27440, 'Perier', 'François', 1919),
(27578, 'Page', 'Ellen', 1987),
(27584, 'Carmen', 'Julie', 1954),
(27627, 'Kobus', 'Waldemar', 1966),
(27740, 'Goggins', 'Walton', 1971),
(27762, 'McDiarmid', 'Ian', 1944),
(27763, 'Van Dien', 'Casper', 1968),
(27764, 'Waddington', 'Steven', 1967),
(27770, 'Christopher', 'Dennis', 1955),
(27811, 'Weller', 'Peter', 1947),
(28078, 'Kaydanovskiy', 'Aleksandr', 1946),
(28235, 'Shaw', 'Sebastian', 1905),
(28279, 'Jaoui', 'Agnes', 1964),
(28281, 'Bacri', 'Jean-Pierre', 1951),
(28410, 'Busey', 'Jake', 1971),
(28781, 'Clavier', 'Christian', 1952),
(28846, 'Skarsgård', 'Alexander', 1976),
(29427, '', 'Terry-Thomas', 1911),
(29490, 'Tate', 'Sharon', 1943),
(29545, 'Bloom', 'Claire', 1931),
(29685, 'Fuller', 'Kurt', 1953),
(30119, 'Bass', 'Alfie', 1921),
(30120, 'Quarrier', 'Iain', 1941),
(30194, 'Sandford', 'Tiny', 1894),
(30614, 'Gosling', 'Ryan', 1980),
(30711, 'Lonergan', 'Kenneth', 1962),
(31028, 'Schiff', 'Richard', 1955),
(31070, 'O Neal', 'Ryan', 1941),
(31071, 'Berenson', 'Marisa', 1947),
(31649, 'Smith', 'Brooke', 1967),
(31717, 'Jones', 'January', 1978),
(31720, 'Hamilton', 'Gay', 1943),
(31923, 'Ford Davies', 'Oliver', 1939),
(31925, 'Quarshie', 'Hugh', 1954),
(32101, 'Amiot', 'Paul', NULL),
(32134, 'Vidor', 'Charles', 1900),
(32657, 'Boisselier', 'Julien', 1970),
(32658, 'Trodoux', 'Mickael', 1978),
(32823, 'Burkhard', 'Gedeon', 1969),
(33181, 'Smits', 'Jimmy', 1955),
(33190, 'August', 'Pernilla', 1958),
(33192, 'Edgerton', 'Joel', 1974),
(33196, 'Lloyd', 'Jake', 1989),
(33741, 'Hayworth', 'Rita', 1918),
(33742, 'Anders', 'Glenn', 1889),
(33747, 'Calleia', 'Joseph', 1897),
(34490, 'Paulson', 'Sarah', 1974),
(34546, 'Gatiss', 'Mark', 1966),
(34613, 'de Broca', 'Philippe', 1933),
(34615, 'Renant', 'Simone', 1911),
(34721, 'Bishop', 'Larry', 1948),
(35003, 'Crauchet', 'Paul', 1920),
(35029, 'Harbour', 'David', 1974),
(35137, 'Balasko', 'Josiane', 1950),
(35341, 'Bujold', 'Genevieve', 1942),
(36018, 'Mann', 'Claude', NULL),
(36214, 'Fusier-Gir', 'Jeanne', 1885),
(36513, 'Rovere', 'Liliane', 1933),
(36602, 'Berg', 'Peter', 1964),
(36634, 'Cedillo', 'Julio', 1970),
(37131, '', 'Bourvil', 1917),
(37158, 'Ejogo', 'Carmen', 1974),
(37183, 'Manson', 'Helena', 1898),
(37457, 'Lefebvre', 'Jean', 1920),
(37625, 'Garfield', 'Andrew', 1983),
(37626, 'Leconte', 'Patrice', 1947),
(37777, 'Krüger', 'Hardy', 1928),
(37992, 'Bertin', 'Pierre', 1891),
(38127, 'Josephson', 'Erland', 1923),
(38526, 'Girard', 'Remy', 1950),
(39008, 'Brook', 'Claudio', 1927),
(39104, 'Ferrara', 'Abel', 1951),
(39187, 'Colman', 'Olivia', 1974),
(39436, 'Rozan', 'Dominique', 1929),
(39520, 'Dillahunt', 'Garret', 1964),
(39645, 'Blanche', 'Francis', 1919),
(39847, 'Reijn', 'Halina', 1975),
(39874, 'Francey', 'Micheline', 1919),
(39996, 'Lumet', 'Sidney', 1924),
(40186, 'Scott', 'Jacqueline', 1932),
(40481, 'Guzmán', 'Luis', 1956),
(41226, 'Charisse', 'Cyd', 1921),
(41249, 'Harper', 'Tess', 1950),
(41686, 'Patrick Harris', 'Neil', 1973),
(41714, 'Minot', 'Dominique', NULL),
(43553, 'Skolimowski', 'Jerzy', 1938),
(43814, 'Delon', 'Nathalie', 1941),
(43815, 'Rosier', 'Cathy', 1945),
(44038, 'Allen', 'Nancy', 1950),
(44079, 'Rampling', 'Charlotte', 1946),
(44509, 'Barbier', 'Christian', 1924),
(44735, 'Eisenberg', 'Jesse', 1983),
(47769, 'Rogers', 'Ingrid', 1968),
(47820, 'Poelvoorde', 'Benoît', 1964),
(47879, 'Savage', 'John', 1949),
(48576, 'Berling', 'Charles', 1958),
(48577, 'Seigner', 'Mathilde', 1968),
(52167, 'Maassen', 'Theo', 1966),
(52462, 'Buckley', 'Betty', 1947),
(52886, 'Donovan', 'Jeffrey', 1968),
(53714, 'McAdams', 'Rachel', 1978),
(53807, 'Hammer', 'Armie', 1986),
(54291, 'Lellouche', 'Gilles', 1972),
(54376, 'Genes', 'Henri', 1919),
(54472, 'McDonagh', 'Martin', 1970),
(54693, 'Stone', 'Emma', 1988),
(54782, 'Beth Hurt', 'Mary', 1948),
(55710, 'McKay', 'Adam', 1968),
(56024, 'Dujardin', 'Jean', 1972),
(57448, 'Schweig', 'Eric', 1967),
(57449, 'May', 'Jodhi', 1975),
(57626, 'Boushel', 'Joy', 1959),
(57755, 'Harrelson', 'Woody', 1961),
(57880, 'Lack', 'Stephen', NULL),
(57881, 'von Palleske', 'Heidi', 1960),
(59109, 'Julian', 'Janet', 1959),
(59110, 'Chin', 'Joey', NULL),
(59450, 'Mixon', 'Katy', 1981),
(60875, 'Jensen', 'David', 1952),
(62001, 'Wallace', 'Dee', 1948),
(62862, 'McBride', 'Danny', 1976),
(64239, 'Thorn', 'Frankie', 1964),
(64913, 'Chazel', 'Marie-Anne', 1951),
(66178, 'Ramey', 'Ed', NULL),
(66839, 'Lefebvre', 'Philippe', NULL),
(67003, 'Wollter', 'Sven', 1934),
(67046, 'Yeh', 'Sally', NULL),
(67047, 'Chu Kong', 'Paul', NULL),
(67346, 'Adames', 'John', NULL),
(67367, 'Johnson', 'Rian', 1973),
(67532, 'Doutey', 'Melanie', 1978),
(67717, 'Hazanavicius', 'Michel', 1967),
(67902, 'Guillemin', 'Sophie', 1977),
(69597, 'Barrymore', 'Drew', 1975),
(70131, 'Nakadai', 'Tatsuya', 1932),
(70133, 'Nezu', 'Jinpachi', 1947),
(70349, 'Ekyan', 'Andre', NULL),
(70626, 'Yamazaki', 'Tsutomu', 1936),
(71027, 'Hagiwara', 'Kenichi', 1950),
(71444, 'Burrows', 'Robin', NULL),
(71872, 'Nichols', 'Jeff', 1978),
(72466, 'Farrell', 'Colin', 1976),
(73381, 'Schoenaerts', 'Matthias', 1977),
(73421, 'Phoenix', 'Joaquin', 1974),
(74242, 'Whigham', 'Shea', 1969),
(75121, 'Bastoni', 'Steve', 1966),
(76136, 'Helm', 'Levon', 1940),
(76820, 'Foïs', 'Marina', 1970),
(76961, 'Bichir', 'Demián', 1963),
(77498, 'Azabal', 'Lubna', 1973),
(77795, 'Waterston', 'Katherine', 1980),
(78425, 'Monot', 'Louise', 1981),
(80602, 'Perry', 'Tyler', 1969),
(81051, 'Rahim', 'Tahar', 1981),
(81125, 'Menochet', 'Denis', 1976),
(81821, 'Kiberlain', 'Sandrine', 1968),
(81934, 'Stephenson', 'Henry', 1871),
(82923, 'Bejo', 'Berenice', 1976),
(83002, 'Chastain', 'Jessica', 1977),
(83797, 'Lacoste', 'Vincent', 1993),
(84573, 'Desormeaux-Poulin', 'Melissa', 1981),
(87065, 'Riberolles', 'Jacques', NULL),
(87415, 'Fleetwood', 'Susan', 1944),
(87722, 'Rapace', 'Noomi', 1979),
(88123, 'Song', 'Brenda', 1988),
(88592, 'Gaudette', 'Maxim', 1974),
(89624, 'Bencherif', 'Adel', 1975),
(89625, 'Yacoubi', 'Hichem', NULL),
(89626, 'Kateb', 'Reda', 1977),
(91495, 'Kennedy', 'Mimi', 1948),
(93210, 'Gleeson', 'Domhnall', 1983),
(93491, 'Poulter', 'Will', 1993),
(93532, 'Lafitte', 'Laurent', 1973),
(99461, 'Hardwicke', 'Cedric', 1893),
(102864, 'Leclerc', 'Ginette', 1912),
(104632, 'Hoeks', 'Sylvia', 1983),
(105298, 'Chuvalo', 'George', 1937),
(108916, 'Mara', 'Rooney', 1985),
(115290, 'Sun-kyun', 'Lee', 1975),
(118178, 'Efira', 'Virginie', 1977),
(122423, 'Lanthimos', 'Yorgos', 1973),
(130253, 'Marshall-Green', 'Logan', 1976),
(137427, 'Villeneuve', 'Denis', 1967),
(142878, 'Gísladóttir', 'Guðrún', NULL),
(146342, 'Pons', 'Vimala', 1986),
(146710, 'Cassavetes', 'Katherine', 1906),
(146711, 'Rowlands', 'Lady', 1904),
(147522, 'Nichols', 'Nick', NULL),
(153393, 'Glass', 'Seamon', NULL),
(164343, 'Griffith', 'Kristin', 1953),
(180878, 'Copeman', 'Michael', 2018),
(185316, 'Ciron', 'Jacques', NULL),
(196737, 'Altman', 'Allen', NULL),
(206919, 'Kaluuya', 'Daniel', 1989),
(220448, 'Anderson', 'Paul', 1978),
(224513, 'de Armas', 'Ana', 1988),
(233119, 'Garnica', 'Lupe', NULL),
(236695, 'Boyega', 'John', 1992),
(240171, 'Liu Chia-Hui', 'Gordon', 1955),
(241930, 'Briand', 'Dominique', NULL),
(291263, 'Peele', 'Jordan', 1979),
(550418, 'de Peretti', 'Thierry', NULL),
(556435, 'Yeo-jeong', 'Cho', 1981),
(564941, 'Hutchinson', 'Lucy', NULL),
(565188, 'Neumann', 'Deborah', NULL),
(566080, 'Bloquet', 'Jonas', 1992),
(572541, 'Landry Jones', 'Caleb', 1989),
(583686, 'Bellemare', 'Pierre', NULL),
(583687, 'Kherici', 'Reem', 1983),
(931581, 'Hers', 'Mikhaël', NULL),
(932967, 'Ali', 'Mahershala', 1974),
(970213, 'Elaaziz', 'Abdelghafour', NULL),
(971262, 'Kolb', 'Ophelia', NULL),
(983929, 'Calamy', 'Laure', 1975),
(1023139, 'Driver', 'Adam', 1983),
(1030261, 'Marlohe', 'Berenice', 1979),
(1034681, 'Sheridan', 'Tye', 1996),
(1066144, 'Poitrenaux', 'Laurent', 1967),
(1105079, 'Hedges', 'Lucas', 1996),
(1110405, 'Davis', 'Mackenzie', 1987),
(1126405, 'Carter', 'Brad', 1973),
(1137823, 'Martin', 'Stacy', 1991),
(1152299, 'Redden', 'Billy', 1956),
(1171570, 'Lofland', 'Jacob', 1996),
(1175620, 'Triet', 'Justine', 1978),
(1190206, 'Banionis', 'Donatas', 1924),
(1190211, 'Bondarchuk', 'Natalya', 1950),
(1190992, 'Grinko', 'Nikolay', 1920),
(1255540, 'Williams', 'Allison', 1988),
(1255881, 'Woo-shik', 'Choi', 1990),
(1267329, 'Nyong o', 'Lupita', 1983),
(1273505, 'Auneveux', 'Mathilde', NULL),
(1274508, 'Martell', 'Jaeden', 2003),
(1315036, 'Ridley', 'Daisy', 1992),
(1377732, 'Nouveau', 'Marie-Pierre', NULL),
(1442583, 'So-dam', 'Park', 1991),
(1494014, 'Michelangeli', 'Jean-Marc', NULL),
(1496392, 'Alwyn', 'Joe', 1991),
(1580289, 'Appietto', 'Cedric', NULL),
(1663195, 'Marie Tran', 'Kelly', 1989),
(1701554, 'Janas', 'Florence', NULL),
(1709041, 'Suotamo', 'Joonas', 1986),
(1793830, 'Gioria', 'Thomas', NULL),
(1821801, 'Tabary', 'Henry-Noël', NULL),
(1821803, 'Brat', 'Jean-Etienne', NULL),
(1887813, 'Saikaly', 'Mathieu', NULL),
(1917512, 'Multrier', 'Isaure', NULL),
(2021536, 'Rover', 'Melanie', NULL),
(2021538, 'Borderie', 'Jacques', NULL),
(2045567, 'REY', 'David', NULL),
(2045568, 'Lemaire', 'Olivier', NULL);





INSERT INTO Film (idFilm, titre, annee, idRealisateur, genre, resume, codePays) VALUES
(11, 'La Guerre des etoiles', 1977, 1, 'Aventure', 'Il y a bien longtemps, dans une galaxie tres lointaine... La guerre civile fait rage entre l Empire galactique et l Alliance rebelle. Capturee par les troupes de choc de l Empereur menees par le sombre et impitoyable Dark Vador, la princesse Leia Organa dissimule les plans de l’etoile Noire, une station spatiale invulnerable, à son droïde R2-D2 avec pour mission de les remettre au Jedi Obi-Wan Kenobi. Accompagne de son fidele compagnon, le droïde de protocole C-3PO, R2-D2 s echoue sur la planete Tatooine et termine sa quete chez le jeune Luke Skywalker. Revant de devenir pilote mais confine aux travaux de la ferme, ce dernier se lance à la recherche de ce mysterieux Obi-Wan Kenobi, devenu ermite au cœur des montagnes desertiques de Tatooine...', 'US'),
(24, 'Kill Bill : Volume 1', 2003, 138, 'Action', 'Au cours d une ceremonie de mariage en plein desert, un commando fait irruption dans la chapelle et tire sur les convives. Laissee pour morte, la Mariee enceinte retrouve ses esprits apres un coma de quatre ans. Celle qui a auparavant exerce les fonctions de tueuse à gages au sein du Detachement International des Viperes Assassines n a alors plus qu une seule idee en tete : venger la mort de ses proches en eliminant tous les membres de l organisation criminelle, dont leur chef Bill qu elle se reserve pour la fin.', 'US'),
(28, 'Apocalypse Now', 1979, 1776, 'Drame', 'L etat-major americain confie au jeune capitaine Willard une mission secrete : eliminer le colonel Kurtz, qui s est constitue, au-delà de la frontiere cambodgienne, un royaume personnel sur lequel il regne par la violence et la terreur.', 'US'),
(33, 'Impitoyable', 1992, 190, 'Western', 'Apres avoir ete un impitoyable tueur, toujours entre deux verres, Bill Munny a raccroche ses colts pour l amour d une femme aujourd hui disparue. Il eleve peniblement des cochons dans un enclos boueux, avec pour seuls compagnons ses deux jeunes enfants. Bill reçoit un jour la visite de Schofield Kid, un apprenti desperado qui veut devenir le partenaire de cette legende vivante. Le Kid lui propose de partager les mille dollars offerts par des prostituees de Big Whiskey, une bourgade lointaine, pour l elimination des deux cow-boys qui ont defigure l une d entre elles. Munny finit par accepter la proposition et rend visite à son vieux complice, Ned Logan...', 'US'),
(38, 'Eternal Sunshine of the Spotless Mind', 2004, 201, 'Science-Fiction', 'Joël et Clementine ne voient plus que les mauvais cotes de leur tumultueuse histoire d amour, au point que celle-ci fait effacer de sa memoire toute trace de cette relation. Effondre, Joël contacte l inventeur du procede Lacuna, le Dr. Mierzwiak, pour qu il extirpe egalement de sa memoire tout ce qui le rattachait à Clementine. Deux techniciens, Stan et Patrick, s installent à son domicile et se mettent à l œuvre, en presence de la secretaire, Mary. Les souvenirs commencent à defiler dans la tete de Joël, des plus recents aux plus anciens, et s envolent un à un, à jamais.Mais en remontant le fil du temps, Joël redecouvre ce qu il aimait depuis toujours en Clementine - l inalterable magie d un amour dont rien au monde ne devrait le priver. Luttant de toutes ses forces pour preserver ce tresor, il engage alors une bataille de la derniere chance contre Lacuna...', 'US'),
(59, 'A History of Violence', 2005, 224, 'Drame', 'Tom Stall, un pere de famille à la vie paisiblement tranquille, abat dans un reflexe de legitime defense son agresseur dans un restaurant. Il devient alors un personnage mediatique, dont l existence est dorenavant connue du grand public...', 'US'),
(62, '2001 l Odyssee de l espace', 1968, 240, 'Science-Fiction', 'Aux temps prehistoriques, une petite tribu d’hommes-singes intallee au milieu de rochers arides lutte difficilement pour la vie. Un matin, ils trouvent devant eux une mysterieuse dalle noire monolitique. L’un des singes touche la pierre et apprend alors à se servir d’un os de quadrupede pour tuer ses ennemis... Quatre millions d’annees plus tard, en 2001, un savant de l’espace, le Dr Heywood Floyd, debarque sur la lune pour examiner une dalle noire semblable à celle des singes, qui etait enterree sous la surface de l’astre, selon les premieres observations, l objet emettrait un signal mysterieux...', 'GB'),
(74, 'La Guerre des Mondes', 2005, 488, 'Aventure', 'Ray Ferrier est un docker divorce et un pere rien moins que parfait, qui n entretient plus que des relations episodiques avec son fils Robbie, 17 ans, et sa fille Rachel, 11 ans. Quelques minutes apres que son ex-femme et l epoux de cette derniere lui ont confie la garde des enfants, un puissant orage eclate. Ray assiste alors à un spectacle qui bouleversera à jamais sa vie...', 'US'),
(77, 'Memento', 2000, 525, 'Mystere', 'Leonard Shelby ne porte que des costumes de grands couturiers et ne se deplace qu au volant de sa Jaguar. En revanche, il habite dans des motels miteux et regle ses notes avec d epaisses liasses de billets. Leonard n a qu une idee en tete : traquer l homme qui a viole et assassine sa femme afin de se venger. Sa recherche du meurtrier est rendue plus difficile par le fait qu il souffre d une forme rare et incurable d amnesie. Bien qu il puisse se souvenir de details de son passe, il est incapable de savoir ce qu il a fait dans le quart d heure precedent, où il se trouve, où il va et pourquoi. Pour ne jamais perdre son objectif de vue, il a structure sa vie à l aide de fiches, de notes, de photos, de tatouages sur le corps. C est ce qui l aide à garder contact avec sa mission, à retenir les informations et à garder une trace, une notion de l espace et du temps.', 'US'),
(78, 'Blade Runner', 1982, 578, 'Science-Fiction', 'Dans les dernieres annees du 20eme siecle, des milliers d hommes et de femmes partent à la conquete de l espace, fuyant les megalopoles devenues insalubres. Sur les colonies, une nouvelle race d esclaves voit le jour : les repliquants, des androïdes que rien ne peut distinguer de l etre humain. Los Angeles, 2019. Apres avoir massacre un equipage et pris le controle d un vaisseau, les repliquants de type Nexus 6, le modele le plus perfectionne, sont desormais declares hors la loi. Quatre d entre eux parviennent cependant à s echapper et à s introduire dans Los Angeles. Un agent d une unite speciale, un blade-runner, est charge de les eliminer. Selon la terminologie officielle, on ne parle pas d execution, mais de retrait..', 'US'),
(85, 'Les Aventuriers de l arche perdue', 1981, 488, 'Aventure', '1936. Parti à la recherche d une idole sacree en pleine jungle peruvienne, l aventurier Indiana Jones echappe de justesse à une embuscade tendue par son plus coriace adversaire : le Français Rene Belloq. Revenu à la vie civile à son poste de professeur universitaire d archeologie, il est mandate par les services secrets et par son ami Marcus Brody, conservateur du National Museum de Washington, pour mettre la main sur le Medaillon de Râ, en possession de son ancienne amante Marion Ravenwood, desormais tenanciere d un bar au Tibet. Cet artefact egyptien serait en effet un premier pas sur le chemin de l Arche d Alliance, celle-là meme où Moïse conserva les Dix Commandements. Une piece historique aux pouvoir inimaginables dont Hitler cherche à s emparer.', 'US'),
(87, 'Indiana Jones et le temple maudit', 1984, 488, 'Aventure', 'L archeologue Indiana Jones est oblige de fuir un cabaret de Shanghai apres une negociation houleuse. En compagnie de la chanteuse Willie Scott et du petit Short Round, il se retrouve sur un glacier himalayen, dans un village dont une secte a derobe le diamant magique et enleve les enfants afin de les sacrifier.', 'US'),
(89, 'Indiana Jones et la derniere croisade', 1989, 488, 'Aventure', 'Indiana Jones se lance cette fois-ci à la recherche du Saint Graal, accompagne de l eminent et tres maladroit Dr Henry Jones, son pere. Malheureusement, ils ne sont pas les seuls lances sur la trace du tresor, les nazis le convoitent egalement.', 'US'),
(98, 'Gladiator', 2000, 578, 'Action', 'Le general romain Maximus est le plus fidele soutien de l empereur Marc Aurele, qu il a conduit de victoire en victoire avec une bravoure et un devouement exemplaires. Jaloux du prestige de Maximus, et plus encore de l amour que lui voue l empereur, le fils de Marc Aurele, Commode, s arroge brutalement le pouvoir, puis ordonne l arrestation du general et son execution. Maximus echappe à ses assassins mais ne peut empecher le massacre de sa famille. Capture par un marchand d esclaves, il devient gladiateur et prepare sa vengeance.', 'GB'),
(103, 'Taxi Driver', 1976, 1032, 'Crime', 'Veteran de la Guerre du Vietnam, Travis Bickle est chauffeur de taxi dans la ville de New York. Ses rencontres nocturnes et la violence quotidienne dont il est temoin lui font peu à peu perdre la tete. Il se charge bientot de delivrer une prostituee mineure de ses souteneurs.', 'US'),
(116, 'Match point', 2005, 1243, 'Drame', 'Jeune professeur de tennis issu d un milieu modeste, Chris Wilton se fait embaucher dans un club huppe des beaux quartiers de Londres. Il ne tarde pas à sympathiser avec Tom Hewett, un jeune homme de la haute societe avec qui il partage sa passion pour l opera. Tres vite, Chris frequente regulierement les Hewett et seduit Chloe, la sœur de Tom. Alors qu il s apprete à l epouser et qu il voit sa situation sociale se metamorphoser, il fait la connaissance de la ravissante fiancee de Tom, Nola Rice, une jeune Americaine venue tenter sa chance comme comedienne en Angleterre...', 'US'),
(142, 'Le Secret de Brokeback Mountain', 2005, 1614, 'Drame', 'Ete 1963, Wyoming.Deux jeunes cow-boys, Jack et Ennis, sont engages pour garder ensemble un troupeau de moutons à Brokeback Mountain.Isoles au milieu d une nature sauvage, leur complicite se transforme lentement en une attirance aussi irresistible qu inattendue.A la fin de la saison de transhumance, les deux hommes doivent se separer.Ennis se marie avec sa fiancee, Alma, tandis que Jack epouse Lureen.Quand ils se revoient quatre ans plus tard, un seul regard suffit pour raviver l amour ne à Brokeback Mountain.', 'CA'),
(145, 'Breaking the Waves', 1996, 42, 'Drame', 'Au debut des annees soixante-dix sur la cote nord-ouest de l Ecosse, la communaute d une petite ville celebre à contrecoeur le mariage de Bess, jeune fille naïve et pieuse, et de Jan, homme d âge mûr qui travaille sur une plate-forme petroliere. Leur bonheur va etre brise par un accident qui va paralyser Jan.', 'DK'),
(146, 'Tigre et Dragon', 2000, 1614, 'Aventure', 'Dans la Chine ancienne, Li Mu Bai est un virtuose des arts martiaux. Las des combats, il decide de confier Destinee, son epee rapide et magique à Yu Shu Lien, à qui il n ose pas avouer son amour. Celle-ci doit remettre la fameuse epee au seigneur Te, à la residence duquel elle fait la connaissance de Jiao Long, la fille du gouverneur Yu, qui a ete promise à un homme qu elle n aime pas et ferait tout pour mener une vie aussi libre que Shu Lien. Mais une fois la nuit tombee, un habile voleur parvient à la lui derober. Li et Shu Lien partent recuperer l epee aux vertus magiques.', 'CN'),
(147, 'Les Quatre Cents Coups', 1959, 1650, 'Drame', 'Antoine a une adolescence turbulente. Il ment à ses parents indifferents à son sort, vole, fugue. Son seul reconfort, il fait les quatre cents coups avec son ami Rene. Un jour, la police s en mele.', 'FR'),
(153, 'Lost in Translation', 2003, 1769, 'Drame', 'Bob Harris, acteur sur le declin, se rend à Tokyo pour tourner un spot publicitaire. Il a conscience qu il se trompe - il devrait etre chez lui avec sa famille, jouer au theâtre ou encore chercher un role dans un film -, mais il a besoin d argent. Du haut de son hotel de luxe, il contemple la ville, mais ne voit rien. Il est ailleurs, detache de tout, incapable de s integrer à la realite qui l entoure, incapable egalement de dormir à cause du decalage horaire. Dans ce meme etablissement, Charlotte, une jeune Americaine fraîchement diplomee, accompagne son mari, photographe de mode.', 'JP'),
(155, 'The Dark Knight : Le Chevalier noir', 2008, 525, 'Drame', 'Dans ce nouveau volet, Batman augmente les mises dans sa guerre contre le crime. Avec l appui du lieutenant de police Jim Gordon et du procureur de Gotham, Harvey Dent, Batman vise à eradiquer le crime organise qui pullule dans la ville. Leur association est tres efficace mais elle sera bientot bouleversee par le chaos declenche par un criminel extraordinaire que les citoyens de Gotham connaissent sous le nom de Joker.', 'GB'),
(180, 'Minority Report', 2002, 488, 'Action', 'À Washington, en 2054, la societe du futur a eradique le meurtre en se dotant du systeme de prevention / detection / repression le plus sophistique du monde. Dissimules au cœur du Ministere de la Justice, trois extra-lucides captent les signes precurseurs des violences homicides et en adressent les images à leur controleur, John Anderton, le chef de la « Precrime » devenu justicier apres la disparition tragique de son fils. Celui-ci n a alors plus qu à lancer son escouade aux trousses du « coupable »... Mais un jour se produit l impensable : l ordinateur lui renvoie sa propre image. D ici 36 heures, Anderton aura assassine un parfait etranger. Devenu la cible de ses propres troupes, Anderton prend la fuite. Son seul espoir pour dejouer le complot : denicher sa future victime. Sa seule arme : les visions parcellaires, enigmatiques, de la plus fragile des Pre-Cogs : Agatha.', 'US'),
(184, 'Jackie Brown', 1997, 138, 'Crime', 'Hotesse de l air, Jackie Brown arrondit ses fins de mois en convoyant de l argent liquide pour le compte de Ordell Robbie, trafiquant d armes. Quand la police et le FBI lui signifient qu ils comptent sur elle pour faire tomber Robbie, Jackie Brown echafaude un plan audacieux.', 'US'),
(192, 'Le Nom de la rose', 1986, 2352, 'Drame', 'En l an 1327, dans une abbaye benedictine, des moines disparaissent. Un franciscain, Guillaume de Baskerville, mene l enquete, aide du jeune novice Adso von Melk. C est l epoque où l eglise, en pleine crise, se voit disputer son pouvoir spirituel et temporel. C est aussi l apogee de l inquisition.', 'FR'),
(213, 'La Mort aux trousses', 1959, 2636, 'Mystere', 'Le publiciste Roger Tornhill se retrouve par erreur dans la peau d’un espion. Pris entre une mysterieuse organisation qui cherche à le supprimer et la police qui le poursuit, Tornhill est dans une situation bien inconfortable. Il fuit à travers les etats-Unis et part à la recherche d’une verite qui se revelera tres surprenante…', 'US'),
(218, 'Terminator', 1984, 2710, 'Action', 'À Los Angeles en 1984, un Terminator, cyborg surgi du futur, a pour mission d executer Sarah Connor, une jeune femme dont l enfant à naître doit sauver l humanite. Kyle Reese, un resistant humain, debarque lui aussi pour combattre le robot, et aider la jeune femme...', 'GB'),
(223, 'Rebecca', 1940, 2636, 'Drame', 'Mrs. Edythe Van Hopper, respectable veuve dejà âgee, accompagnee de sa jeune demoiselle de compagnie, est en villegiature à Monte-Carlo dans l hotel Cote-d Azur, lorsque leur chemin croise celui de Maxim de Winter, riche veuf, qui n a aucun mal à seduire la jeune fille et, dans la foulee, à l epouser et l emmener dans sa demeure ancestrale de Manderley, quelque part sur la cote sud-est de l Angleterre. Les premiers contacts avec le personnel du château, regente par la peu amene gouvernante Mrs. Danvers, sont glaciaux. Cette derniere, en effet, attachee depuis toujours au service de la precedente Mrs. de Winter, Rebecca, et lui vouant une passion sans limite, meme à titre posthume, n accepte pas l intrusion de l « usurpatrice ». Le souvenir de l epouse disparue et veneree continue de hanter le château sombre.', 'US'),
(238, 'Le Parrain', 1972, 1776, 'Drame', 'En 1945, à New York, les Corleone sont une des cinq familles de la mafia. Don Vito Corleone, parrain de cette famille, marie sa fille à un bookmaker. Sollozzo,  parrain  de la famille Tattaglia, propose à Don Vito une association dans le trafic de drogue, mais celui-ci refuse. Sonny, un de ses fils, y est quant à lui favorable.\\r Afin de traiter avec Sonny, Sollozzo tente de faire tuer Don Vito, mais celui-ci en rechappe. Michael, le frere cadet de Sonny, recherche alors les commanditaires de l attentat et tue Sollozzo et le chef de la police, en represailles.\\r Michael part alors en Sicile, où il epouse Apollonia, mais celle-ci est assassinee à sa place. De retour à New York, Michael epouse Kay Adams et se prepare à devenir le successeur de son pere...', 'US'),
(239, 'Certains l aiment chaud', 1959, 3146, 'Comedie', 'Deux musiciens de jazz au chomage, meles involontairement à un reglement de comptes entre gangsters, se transforment en musiciennes pour leur echapper. Ils partent en Floride avec un orchestre feminin. Ils tombent illico amoureux d une ravissante et blonde creature, Alouette, qui veut epouser un milliardaire.', 'US'),
(240, 'Le Parrain, 2eme partie', 1974, 1776, 'Drame', 'Depuis la mort de Don Vito Corleone, son fils Michael regne sur la famille. Amene à  negocier avec la mafia juive, il perd alors le soutien d un de ses lieutenants, Frankie Pentageli. echappant de justesse à un attentat, Michael tente de retrouver le coupable.', 'US'),
(242, 'Le Parrain, 3eme partie', 1990, 1776, 'Crime', 'A l âge du bilan, Michael Corleone tente de se rehabiliter aupres des siens et de la societe. Mais les autres Familles de la Mafia lui declarent à  nouveau la guerre. Vincent Mancini, son neveu, se range à ses cotes pour regler les comptes.', 'IT'),
(247, 'L Ultime Razzia', 1956, 240, 'Crime', 'Une bande de gangsters organisent le hold-up de la caisse des paris lors d une course de chevaux...', 'US'),
(266, 'Le Mepris', 1963, 3776, 'Drame', 'Paul Javal, scenariste, et sa jeune femme semblent former un couple uni. Un incident apparemment anodin avec un producteur va conduire la jeune femme à mepriser profondement son mari.', 'FR'),
(269, 'À bout de souffle', 1960, 3776, 'Drame', 'L itineraire d un jeune delinquant qui, apres avoir vole une voiture et tue un policier, est traque par la police...', 'FR'),
(272, 'Batman Begins', 2005, 525, 'Action', 'Comment un homme seul peut-il changer le monde ? Telle est la question qui hante Bruce Wayne depuis cette nuit tragique où ses parents furent abattus sous ses yeux, dans une ruelle de Gotham City. Torture par un profond sentiment de colere et de culpabilite, le jeune heritier de cette richissime famille fuit Gotham pour un long et discret voyage à travers le monde. Le but de ses peregrinations : sublimer sa soif de vengeance en trouvant de nouveaux moyens de lutter contre l injustice.', 'GB'),
(274, 'Le Silence des Agneaux', 1991, 16294, 'Crime', 'Un psychopathe connu sous le nom de Buffalo Bill seme la terreur dans le Middle West en kidnappant et en assassinant de jeunes femmes. Clarice Starling, une jeune agent du FBI, est chargee d interroger l ex-psychiatre Hannibal Lecter. Psychopathe redoutablement intelligent et porte sur le cannibalisme, Lecter est capable de lui fournir des informations concernant Buffalo Bill ainsi que son portrait psychologique. Mais il n accepte de l aider qu en echange d informations sur la vie privee de la jeune femme. Entre eux s etablit un lien de fascination et de repulsion.', 'US'),
(275, 'Fargo', 1996, 1223, 'Crime', 'Quelque part dans le Minnesota, en plein hiver. Jerry Lundegaard, un minable vendeur de voitures, contacte un petit escroc, Carl Showalter, et son inquietant compere, Grimsrud. Il leur demande d enlever sa femme, Jean, dont le pere, Wade, un richissime homme d affaires, ne manquera pas de regler la rançon exigee. Les deux truands s empetrent quelque peu dans les peripeties mais finissent par reussir leur affaire. Grimsrud commence alors à donner la mesure de ses talents. Il tue de sang-froid un policier lors d un banal controle de routine, puis les deux temoins du meurtre. Marge Gunderson, une femme policier, enceinte, est chargee de l enquete. Pendant ce temps, Jerry apprend avec deplaisir que son beau-pere entend conduire lui-meme les negociations avec les preneurs d otage...', 'GB'),
(289, 'Casablanca', 1942, 4109, 'Drame', 'À Casablanca, pendant la Seconde Guerre mondiale, le night-club le plus couru de la ville est tenu par Rick Blaine, un Americain en exil. Mais l etablissement sert egalement de refuge à ceux qui voudraient se procurer les papiers necessaires pour quitter le pays. Lorsque Rick voit debarquer un soir le dissident politique Victor Laszlo et son epouse Ilsa, quelle n est pas sa surprise de retrouver dans ces circonstances le grand amour de sa vie.', 'US'),
(303, 'Les Enchaînes', 1946, 2636, 'Thriller', 'Alicia, fille d un espion nazi, mene une vie depravee. Devlin lui propose de travailler pour les etats-Unis afin de rehabiliter son nom. Elle epouse donc un ancien ami de son pere afin de l espionner. Devlin et elle s aiment sans oser se l avouer, attendant chacun que l autre fasse le premier pas. Lorsque le role qu elle tient est decouvert, son mari decide de l empoisonner.', 'US'),
(329, 'Jurassic Park', 1993, 488, 'Aventure', 'Ne pas reveiller le chat qui dort... C est ce que le milliardaire John Hammond aurait dû se rappeler avant de se lancer dans le clonage de dinosaures. C est à partir d une goutte de sang absorbee par un moustique fossilise que John Hammond et son equipe ont reussi à faire renaître une dizaine d especes de dinosaures. Il s apprete maintenant avec la complicite du docteur Alan Grant, paleontologue de renom, et de son amie Ellie, à ouvrir le plus grand parc à theme du monde. Mais c etait sans compter la cupidite et la malveillance de l informaticien Dennis Nedry, et eventuellement des dinosaures, seuls maîtres sur l île...', 'US'),
(330, 'Le monde perdu : Jurassic Park', 1997, 488, 'Aventure', 'Quatre ans apres le terrible fiasco de son Jurassic Park, le milliardaire John Hammond rappelle le Dr Ian Malcolm pour l informer de son nouveau projet. Sur une île deserte, voisine du parc, vivent en liberte des centaines de dinosaures de toutes tailles et de toutes especes. Ce sont des descendants des animaux clones en laboratoire. D abord reticent, Ian se decide à rejoindre le docteur quand il apprend que sa fiancee fait partie de l expedition scientifique. Il ignore qu une autre expedition qui n a pas les memes buts est egalement en route.', 'US'),
(345, 'Eyes Wide Shut', 1999, 240, 'Mystere', 'Convies à une soiree donnee par leur ami Victor Ziegler, le docteur William «Bill» Harford et son epouse Alice font, chacun de son cote, l objet de tentatives de seduction plutot osees. L un et l autre resistent à la tentation. Cependant, le lendemain, Alice avoue à son mari qu elle a naguere songe à le tromper et regrette aujourd hui de ne pas etre passee à l acte. Tres ebranle par cette revelation, William se rend chez une patiente, une jeune femme vulnerable qui vient de perdre son pere. Celle-ci, contre toute attente, lui declare sa flamme. De plus en plus perturbe, il choisit de s enfuir. Dans la rue, il se fait accoster par une jeune prostituee, Domino, qui l entraîne chez elle...', 'GB'),
(346, 'Les sept samouraïs', 1954, 5026, 'Action', 'Au XVIe siecle, au Japon, des paysans decident d embaucher des samouraïs pour proteger leur village, et en trouvent sept. Ces hommes organisent la defense du village contre quarante brigands.', 'JP'),
(348, 'Alien, le huitieme passager', 1979, 578, 'Horreur', 'En 2122. Le Nostromo, vaisseau de commerce, fait route vers la Terre avec à son bord un equipage de sept personnes en hibernation et une cargaison de minerais. Il interrompt soudain sa course suite à la reception d un mysterieux message provenant d une planete inexploree. Reveille par l ordinateur de bord, l equipage se rend sur place et decouvre les restes d un gigantesque vaisseau extraterrestre dont le seul passager semble etre mort dans d etranges circonstances...', 'US'),
(387, 'Le Bateau', 1981, 5231, 'Drame', 'Pendant la deuxieme Guerre Mondiale, 40 000 sous-mariniers allemands envoyes par Hitler embarquent pour une mission de routine dans l Atlantique Nord. L insouciance regne à bord. Ce qu ils ne savent pas, c est que seuls 10 000 hommes retourneront chez eux vivants.', 'DE'),
(393, 'Kill Bill : Volume 2', 2004, 138, 'Action', 'Apres s etre debarrassee de ses anciennes collegues Vernita Green et O-Ren Ishii, la Mariee poursuit sa quete vengeresse. Il lui reste à regler le sort de Budd puis de Elle Driver avant d atteindre le but ultime : tuer Bill.', 'US'),
(423, 'Le Pianiste', 2002, 3556, 'Drame', 'Varsovie, au mois d octobre 1939. Un jeune pianiste juif, Wladyslaw Szpilman, est enferme dans le ghetto avec sa famille. Il assiste, impuissant, aux humiliations que subissent quotidiennement les siens. Grâce à une aide exterieure, il echappe de justesse à la deportation mais voit partir toute sa famille. Le jeune homme se cache alors dans les maisons vides et observe passivement les derniers habitants se revolter contre l occupation allemande. Apres avoir reussi à s echapper miraculeusement, il se terre dans des quartiers detruits et tente de survivre, ce qui s avere de plus en plus dur. C est alors qu il rencontre un nazi melomane...', 'FR'),
(424, 'La liste de Schindler', 1993, 488, 'Drame', 'evocation des annees de guerre d Oskar Schindler, fils d industriel d origine autrichienne rentre à Cracovie en 1939 avec les troupes allemandes. Il va, tout au long de la guerre, proteger des juifs en les faisant travailler dans sa fabrique et en 1944 sauver 800 hommes et 300 femmes du camp d extermination d Auschwitz-Birkenau.', 'US'),
(426, 'Sueurs froides', 1958, 2636, 'Mystere', 'Scottie est sujet au vertige, ce qui lui porte prejudice dans son metier de policier. Rendu responsable de la mort d un de ses collegues, il decide de quitter la police. Une ancienne relation le contacte afin qu il suive sa femme, possedee selon lui par l esprit de son aïeule. Scottie s eprend de la jeune femme et se trouve ballotte par des evenements qu il ne peut controler.', 'US'),
(429, 'Le Bon, la Brute et le Truand', 1966, 4385, 'Western', 'Pendant la Guerre de Secession, Tuco et Joe se lancent à la recherche d un coffre contenant 200 000 dollars en pieces d or voles à l armee sudiste. Ayant des indices complementaires sur la cache, chacun a besoin de l autre. Mais un troisieme homme entre dans la course : Sentenza, un tueur qui ne recule devant rien pour parvenir à ses fins.', 'US'),
(439, 'La Dolce vita', 1960, 4415, 'Comedie', 'Le chroniqueur Marcello fait le tour des lieux à scandale de Rome pour alimenter les potins d un journal à fort tirage. Il rencontre une faune corrompue et derisoire qui feint de s amuser et dissimule mal son ennui.', 'FR'),
(500, 'Reservoir Dogs', 1992, 138, 'Crime', 'Apres un hold-up manque, des cambrioleurs de haut vol font leurs comptes dans une confrontation violente, pour decouvrir lequel d entre eux les a trahis.', 'US'),
(510, 'Vol au dessus d un nid de coucou', 1975, 3974, 'Drame', 'Randle P. McMurphy se fait interner pour echapper à la prison. Il va etre touche par la detresse et la solitude des patients. Tres rapidement, il comprend que l infirmiere en chef, Mlle Ratched, a impose des regles strictes et entend bien les faire respecter. Il decide alors de revolutionner ce petit monde, plutot au depart par jeu.', 'US'),
(512, 'Scoop', 2006, 1243, 'Comedie', 'L enquete du celebre journaliste d investigation Joe Strombel, consacree au Tueur au Tarot de Londres, tourne court quand il meurt de façon aussi soudaine qu inexplicable. Mais rien, pas meme la mort, ne peut arreter Joe.A peine arrive au purgatoire, il decide de transmettre ses toutes dernieres informations à la plus charmante des etudiantes en journalisme : Sondra Pransky.De passage à Londres, Sondra entend le fantome de Joe s adresser à elle durant un numero de magie de l Americain Splendini, alias Sid Waterman. Bouleversee et folle de joie à l idee d avoir deniche le scoop du siecle, l effervescente creature se lance avec Sid dans une enquete echevelee, qui les mene droit au fringant aristocrate et politicien Peter Lyman. Une idylle se noue en depit de troublants indices semblant designer le beau Peter comme le Tueur au Tarot.Le scoop de Sondra lui sera-t-il fatal ?', 'GB'),
(524, 'Casino', 1995, 1032, 'Crime', 'Dans les annees soixante-dix à Las Vegas, Ace Rothstein dirige d une main de fer l hotel-casino Tangiers, finance en sous-main par le puissant syndicat des camionneurs. Le Tangiers est l un des casinos les plus prosperes de la ville et Ace est devenu le grand manitou de Las Vegas, seconde par son ami d enfance, Nicky Santoro. Impitoyable avec les tricheurs, Rothstein se laisse un jour seduire par une virtuose de l arnaque d une insolente beaute, Ginger McKenna. Amoureux, il lui ouvre les porte de son paradis et l epouse. Ses ennuis commencent alors.', 'FR'),
(539, 'Psychose', 1960, 2636, 'Horreur', 'Marion Crane en a assez de ne pouvoir mener sa vie comme elle l entend. Son travail ne la passionne plus, son amant ne peut l epouser car il doit verser une enorme pension alimentaire le laissant sans le sou... Mais un beau jour, son patron lui demande de deposer 40 000 dollars à la banque. La tentation est trop grande, et Marion s enfuit avec l argent. Tres vite la panique commence à se faire sentir. Partagee entre l angoisse de se faire prendre et l excitation de mener une nouvelle vie, Marion roule vers une destination qu elle n atteindra jamais. La pluie est battante, la jeune femme s arrete pres d un motel, tenu par un sympathique gerant nomme Norman Bates, mais qui doit supporter le caractere possessif de sa mere. Apres un copieux repas avec Norman, Marion prend toutes ses precautions afin de dissimuler l argent. Pour se delasser de cette journee, elle prend une douche...', 'US'),
(548, 'Rashomon', 1950, 5026, 'Crime', 'Kyoto, au XIe siecle. Sous le portique d un vieux temple en ruines, Rashomon, trois hommes s abritent de la pluie. Les guerres et les famines font rage. Pourtant un jeune moine et un vieux bûcheron sont plus terrifies encore par le proces auquel ils viennent d assister. Ils sont si troubles qu ils vont obliger le troisieme voyageur à ecouter le recit de ce proces : celui d un celebre bandit accuse d avoir viole une jeune femme et tue son mari, un samouraï. Le drame a eu lieu dans la foret à l oree de laquelle est situe le portique de Rashomon. L histoire est simple : Qui a tue le mari ? Le bandit Tajomaru, la femme, un bûcheron qui passait ou le mari lui-meme qui se serait suicide ? Autant d hypotheses vraisemblables. Mais les depositions des temoins devant le tribunal apportent à chaque fois une version differente du drame, et la verite ne percera qu apres de nouvelles revelations surprenantes...', 'JP'),
(550, 'Fight Club', 1999, 7467, 'Drame', 'Le narrateur, sans identite precise, vit seul, travaille seul, dort seul, mange seul ses plateaux-repas pour une personne comme beaucoup d’autres personnes seules qui connaissent la misere humaine, morale et sexuelle. C’est pourquoi il va devenir membre du Fight club, un lieu clandestin où il va pouvoir retrouver sa virilite, l’echange et la communication. Ce club est dirige par Tyler Durden, une sorte d’anarchiste entre gourou et philosophe qui preche l’amour de son prochain.', 'DE'),
(557, 'Spider-Man', 2002, 7623, 'Fantastique', 'Orphelin, Peter Parker est eleve par sa tante May et son oncle Ben dans le quartier Queens de New York. Tout en poursuivant ses etudes de biophysique à l universite, il trouve un emploi de photographe au journal Daily Bugle. Cependant, apres avoir ete mordu par une araignee radioactive, ce dernier est sujet à des transformations physiques : son agilite et sa force se sont accrues, et il se voit doter de pouvoirs surnaturels. Peter decide alors de participer à un combat de catch qu il remporte avec une facilite deconcertante. Mais l organisateur du spectacle, decretant qu il y a eu tricherie, refuse de lui remettre le prix de 3 000 dollars qui lui revient de droit. Au meme moment, l homme d affaires megalomane Norman Osborn experimente sur lui-meme de dangereuses solutions chimiques. Des mutations s operent bientot sur son corps et son esprit. Il se transforme alors en Bouffon Vert.', 'US'),
(558, 'Spider-Man 2', 2004, 7623, 'Action', '2 ans apres avoir choisi sa vie de super-heros, Peter Parker ne parvient plus à gerer sa double vie. Il perd son boulot, Mary-Jane sait qu elle ne peut plus compter sur lui, et ses etudes prennent le meme chemin. Il decide de raccrocher le costume de Spiderman. Son ami Harry lui presente un ami de son professeur de science, le bienveillant docteur Otto Octavius sur lequel il doit rediger un memoire. Celui-ci travaille sur la fusion qu il croit pouvoir controler. Mais une demonstration de ses recherches tourne mal, et le docteur se voit doter de 4 membres mecaniques supplementaires greffes sur sa colonne vertebrale et qui prennent le controle de son esprit...', 'US'),
(559, 'Spider-Man 3', 2007, 7623, 'Fantastique', 'Peter Parker a retrouve un equilibre de vie et il veut se marier avec Mary Jane. Pendant une nuit au parc, alors que Peter et Mary Jane sont ensemble, une petite meteorite tombe tout pres du lieu où ils se trouvent, et une particule s en echappe, liberant, en eclatant, une matiere visqueuse, la Venom, qui s attache à la mobylette de Peter. Pendant ce temps, Flint Marko s echappe de la prison où il etait detenu pour cambriolage afin d aller revoir sa fillette qui lui manque terriblement, mais dont il n a pas le droit de s approcher à cause de l injonction d eloignement obtenue contre lui par son ex-femme ; pendant sa fuite, il tombe dans un accelerateur de particules, qui fond son corps avec le sable et il devient l’Homme-Sable. Le meilleur ami de Peter, Harry Osborn, veut venger la mort de son pere, et, croyant que Spider-Man est la cause de cette mort, l attaque.', 'US'),
(562, 'Piege de cristal', 1988, 1090, 'Action', 'John McClane, policier new-yorkais, est venu rejoindre pour les fetes de Noël sa femme Holly, dont il est separe depuis plusieurs mois, dans le secret espoir d une reconciliation. Celle-ci est cadre dans une multinationale japonaise, la Nakatomi Corporation. Son patron, M. Takagi, donne une soiree en l honneur de ses employes, à laquelle assiste McClane. Tandis qu il s isole pour telephoner, un commando investit l immeuble et coupe toutes les communications avec l exterieur.', 'US'),
(563, 'Starship Troopers', 1997, 10491, 'Aventure', 'Au XXIVe siecle, une federation musclee fait regner sur la Terre l ordre et la vertu, exhortant sans relâche la jeunesse à la lutte, au devoir, à l abnegation et au sacrifice de soi. Mais aux confins de la galaxie, une armee d arachnides se dresse contre l espece humaine et ces insectes geants rasent en quelques secondes la ville de Buenos-Aires. Cinq jeunes gens, cinq volontaires à peine sortis du lycee, pleins d ardeurs et de courage, partent en mission dans l espace pour combattre les envahisseurs. Ils sont loin de se douter de ce qui les attend.', 'US'),
(567, 'Fenetre sur cour', 1954, 2636, 'Drame', 'À cause d une jambe cassee, le reporter-photographe L. B. Jeffries est contraint de rester chez lui dans un fauteuil roulant. Homme d action et amateur d aventure, il s aperçoit qu il peut tirer parti de son immobilite forcee en etudiant le comportement des habitants de l immeuble qu il occupe dans Greenwich Village. Et ses observations l amenent à la conviction que Lars Thorwald, son voisin d en face, a assassine sa femme. Sa fiancee, Lisa Fremont, ne le prend tout d abord pas au serieux, ironisant sur l excitation que lui procure sa surveillance, mais finit par se prendre au jeu.', 'US'),
(571, 'Les Oiseaux', 1963, 2636, 'Horreur', 'Melanie, jeune femme quelque peu superficielle, rencontre chez un marchand d oiseaux un brillant et seduisant avocat qui recherche des inseparables. Par jeu, Melanie achete les oiseaux et les apporte à Bodega Bay. Des son arrivee, elle est blessee au front par une mouette...', 'US'),
(574, 'L homme qui en savait trop', 1956, 2636, 'Aventure', 'En vacances au Maroc avec sa femme et son fils, le Dr McKenna fait la connaissance d un Français qui sera assassine sous leurs yeux le lendemain de leur rencontre. Quelques jours plus tard, leur fils a ete enleve. Ils vont devoir mener leur enquete.', 'US'),
(578, 'Les Dents de la mer', 1975, 488, 'Horreur', 'À quelques jours du debut de la saison estivale, les habitants de la petite station balneaire d Amity sont mis en emoi par la decouverte sur le littoral du corps atrocement mutile d une jeune vacanciere. Pour Martin Brody, le chef de la police, il ne fait aucun doute que la jeune fille a ete victime d un requin. Il decide alors d interdire l acces des plages mais se heurte à l hostilite du maire uniquement interesse par l afflux des touristes. Pendant ce temps, le requin continue à semer la terreur le long des cotes et à devorer les baigneurs...', 'US'),
(592, 'Conversation secrete', 1974, 1776, 'Crime', 'Specialiste de la filature, Harry Caul est engage pour suivre un couple et enregistrer leur conversation. Une fois sa mission accomplie, Caul ecoute la bande sonore. La banalite des propos le surprend. S agit-il d un code secret ?', 'US'),
(593, 'Solaris', 1972, 8452, 'Drame', 'Un ingenieur est envoye en mission sur Solaris, station intersiderale, apres le suicide de son predecesseur.', 'RU'),
(597, 'Titanic', 1997, 2710, 'Drame', 'Southampton, 10 avril 1912. Le paquebot le plus grand et le plus moderne du monde, repute pour son insubmersibilite, le « Titanic », appareille pour son premier voyage. 4 jours plus tard, il heurte un iceberg. À son bord, un artiste pauvre et une grande bourgeoise tombent amoureux.', 'US'),
(599, 'Boulevard du Crepuscule', 1950, 3146, 'Drame', 'Norma Desmond, ancienne star du cinema muet, mariee à un metteur en scene, demande au scenariste Joe Gillis de lui ecrire un role qui lui fera retrouver la gloire. Tous deux deviennent amants mais Joe est effraye par le delire permanent de Norma.', 'US'),
(601, 'E.T. l extra-terrestre', 1982, 488, 'Science-Fiction', 'Une soucoupe volante atterrit en pleine nuit pres de Los Angeles. Quelques extraterrestres, envoyes sur Terre en mission d exploration botanique, sortent de l engin, mais un des leurs s aventure au-delà de la clairiere où se trouve la navette. Celui-ci se dirige alors vers la ville. C est sa premiere decouverte de la civilisation humaine. Bientot traquee par des militaires et abandonnee par les siens, cette petite creature apeuree se nommant E.T. se refugie dans une residence de banlieue.Elliot, un garçon de dix ans, le decouvre et lui construit un abri dans son armoire. Rapproches par un echange telepathique, les deux etres ne tardent pas à devenir amis. Aide par sa sœur Gertie et son frere aîne Michael, Elliot va alors tenter de garder la presence d E.T. secrete.', 'US'),
(603, 'Matrix', 1999, 9339, 'Action', 'Programmeur anonyme dans un service administratif le jour, Thomas Anderson devient Neo la nuit venue. Sous ce pseudonyme, il est l un des pirates les plus recherches du cyber-espace. À cheval entre deux mondes, Neo est assailli par d etranges songes et des messages cryptes provenant d un certain Morpheus. Celui-ci l exhorte à aller au-delà des apparences et à trouver la reponse à la question qui hante constamment ses pensees : qu est-ce que la Matrice ? Nul ne le sait, et aucun homme n est encore parvenu à en percer les defenses. Mais Morpheus est persuade que Neo est l’elu, le liberateur mythique de l humanite annonce selon la prophetie. Ensemble, ils se lancent dans une lutte sans retour contre la Matrice et ses terribles agents...', 'AU'),
(604, 'Matrix Reloaded', 2003, 9340, 'Aventure', 'Neo apprend à mieux controler ses dons naturels, alors meme que Sion s apprete à tomber sous l assaut de l Armee des Machines. D ici quelques heures, 250 000 Sentinelles programmees pour aneantir notre espece envahiront la derniere enclave humaine de la Terre. Mais Morpheus galvanise les citoyens de Sion en leur rappelant la Parole de l Oracle : il est encore temps pour l’elu d arreter la guerre contre les Machines. Tous les espoirs se reportent des lors sur Neo. Au long de sa perilleuse plongee au sein de la Matrix et de sa propre destinee, ce dernier sera confronte à une resistance croissante, une verite encore plus aveuglante, un choix encore plus douloureux que tout ce qu il avait jamais imagine.', 'AU'),
(606, 'Out of Africa : Souvenirs d Afrique', 1985, 2226, 'Histoire', 'Apres une deception amoureuse, la jeune Danoise Karen decide de se marier et de s embarquer pour l Afrique. Vite delaissee par un mari volage, elle se consacre à la culture des cafeiers et fait figure de pionniere. Son amitie pour l aventurier Denys se transformera en amour mais elle ne saura pas retenir cet homme epris de liberte.', 'US'),
(629, 'Usual Suspects', 1995, 9032, 'Drame', 'Une legende du crime contraint 5 malfrats à aller s acquitter d une tâche tres perilleuse. Ceux qui survivent pourront se partager un butin de 91 millions de dollars.', 'US'),
(649, 'Belle de jour', 1967, 793, 'Drame', 'Severine Serizy est une jeune et tres belle femme aux fantasmes masochistes assez particuliers. Elle est mariee au docteur Pierre Serizy (Jean Sorel) qu elle aime « au-delà du plaisir » : elle ne parvient en effet pas à trouver le plaisir aupres de lui, ce qui les frustre tous les deux. Un ami du couple, Monsieur Henri Husson (Michel Piccoli), lui parle d un bordel de luxe et lui avoue son desir pour elle. Insatisfaite sexuellement, Severine commence secretement à y travailler, se prostituant seulement certains apres-midi de 14 à 17 heures, d où son surnom Belle de jour, avant de retourner dans les bras de son mari, qui, heureux, ne se doute de rien.', 'FR'),
(665, 'Ben-Hur', 1959, 10001, 'Aventure', 'Judas Ben-Hur, prince de Judee, retrouve son ami d enfance Messala, venu prendre la tete de la garnison de Jerusalem. Mais leur amitie ne peut resister à leurs caracteres differents. Alors qu une pierre tombe du balcon de la maison familiale de Ben-Hur, manquant de tuer le gouverneur qui paradait plus bas, Messala trahit son ami qu il sait innocent en l envoyant aux galeres et en jetant en prison sa mere et sa sœur. Ben-Hur jure alors de reconquerir sa liberte et prepare sa vengeance.', 'IT'),
(680, 'Pulp Fiction', 1994, 138, 'Thriller', 'L odyssee sanglante et burlesque de petits malfrats dans la jungle d Hollywood : deux petits tueurs, un dangereux gangster marie à une camee, un boxeur roublard, des preteurs sur gages sadiques, un caïd elegant et devoue, un dealer bon mari et de deux tourtereaux à la gâchette facile.', 'US'),
(694, 'Shining', 1980, 240, 'Horreur', 'Jack Torrance, gardien d un hotel ferme l hiver, sa femme et son fils Danny s appretent à vivre de longs mois de solitude. Danny, qui possede un don de medium, le Shining, est effraye à l idee d habiter ce lieu, theâtre marque par de terribles evenements passes...', 'GB'),
(696, 'Manhattan', 1979, 1243, 'Comedie', 'Isaac Davis est un auteur de sketches comiques new-yorkais de 42 ans que son epouse Jil vient de quitter. Celle-ci vit maintenant avec une autre femme, Connie, et ecrit un livre sur son ancienne vie conjugale. Isaac, quant à lui, entretient avec une collegienne de 17 ans, Tracy, une liaison dont il lui rappelle le caractere ephemere. Il l abandonne bientot pour se mettre en menage avec Mary Wilke, la maîtresse de Yale Pollack, son meilleur ami.', 'US'),
(703, 'Annie Hall', 1977, 1243, 'Comedie', 'À l aube de ses quarante ans, Alvy Singer fait le bilan de la situation. Une introspection sur sa derniere rencontre, Annie Hall, qui vient de le quitter, et un hommage à la ville qu il aime, New York.', 'US'),
(754, 'Volte/Face', 1997, 11401, 'Action', 'Castor Troy, dangereux terroriste, est tombe dans le coma à la suite d un affrontement avec Sean Archer, agent de la CIA. Grâce à une intervention chirurgicale, Archer prend le visage de Troy pour faire avouer au frere de ce dernier l emplacement d une bombe. Mais Troy sort du coma et prend à son tour le visage d Archer.', 'US'),
(769, 'Les Affranchis', 1990, 1032, 'Drame', 'Brooklyn, dans les annees 50. Depuis l enfance, le jeune Henry Hill reve de devenir gangster. A 16 ans, il se met en selle aupres de Paul Cicero, un caïd local, et commet ses premiers delits. Arrete et interroge, il refuse de parler et gagne ainsi le respect du milieu. A sa sortie de prison, il fait la connaissance de James Conway et de Tommy DeVito, deux truands d une extreme violence, et se lance avec eux dans des trafics de grande envergure. Karen, une jeune bourgeoise qu il courtise et finit par epouser, ne devine sa profession qu apres etre passee devant l officier d etat-civil. Grise par le succes, Henry multiplie les coups les plus audacieux...', 'US'),
(773, 'Little Miss Sunshine', 2006, 16960, 'Comedie', 'L histoire des Hoover. Le pere, Richard, tente desesperement de vendre son Parcours vers le succes en 9 etapes. La mere, Sheryl, tente de dissimuler les travers de son frere, specialiste suicidaire de Proust fraîchement sorti de l hopital apres avoir ete congedie par son amant. Les enfants Hoover ne sont pas non plus depourvus de reves improbables : la fille de 7 ans, Olive, se reve en reine de beaute, tandis que son frere Dwayne a fait voeu de silence jusqu à son entree à l Air Force Academy. Quand Olive decroche une invitation à concourir pour le titre tres selectif de Little Miss Sunshine en Californie, toute la famille decide de faire corps derriere elle. Les voilà donc entasses dans leur break Volkswagen rouille : ils mettent le cap vers l Ouest et entament un voyage tragi-comique de trois jours qui les mettra aux prises avec des evenements inattendus...', 'US'),
(777, 'La Grande Illusion', 1937, 11528, 'Drame', 'Pendant la Premiere Guerre mondiale, l avion du lieutenant Marechal et du capitaine de Boëldieu est abattu par le commandant von Rauffenstein. Les deux officiers français sont envoyes dans un camp en Allemagne. Ils y retrouvent d autres prisonniers français, de tous grades et issus de differents milieux sociaux. Les prisonniers organisent differentes activites, partagent leurs maigres ressources et vivent au rythme des nouvelles de l armee française. La chambree, outre Marechal et Boëldieu, regroupe egalement le lieutenant Demolder, un amoureux des lettres, le lieutenant Rosenthal, fils d une riche famille juive dans les finances, un ingenieur du cadastre et Cartier, un sergent populaire et volubile. Ils decident de s echapper du Lager en creusant un tunnel dans des conditions perilleuses. La veille de leur evasion, le sort veut qu ils soient transferes dans un autre camp.', 'FR'),
(797, 'Persona', 1966, 6648, 'Drame', 'Elizabeth Vogler, celebre actrice au theâtre, s interrompt brusquement au milieu d une tirade de la piece electre. Elle ne parlera plus. D abord soignee dans une clinique, son medecin l envoie se reposer au bord de la mer en compagnie d Alma, une jeune infirmiere.  Les deux femmes se lient d’amitie. Le silence permanent d Elizabeth conduit Alma à parler et à se confier. La decouverte d’une lettre dans laquelle Elizabeth divulgue cette confession à son medecin provoque alors une crise relationnelle profonde.', 'SE'),
(805, 'Rosemary s Baby', 1968, 3556, 'Horreur', 'Malgre les conseils de leur vieil ami Hutch, Guy Woodhouse et sa jeune femme, enceinte, s installent dans un immeuble new-yorkais vetuste, considere par leur ami comme une demeure malefique. Aussitot, leurs voisins, Minnie et Roman Castevet, vieux couple d Europe centrale, imposent leur amitie et leurs services. Si Guy accepte facilement ce voisinage, Rosemary s en inquiete...', 'US'),
(807, 'Seven', 1995, 7467, 'Crime', 'Pour conclure sa carriere, l inspecteur Somerset, vieux flic blase, tombe à sept jours de la retraite sur un criminel peu ordinaire. John Doe, c est ainsi que se fait appeler l assassin, a decide de nettoyer la societe des maux qui la rongent en commettant sept meurtres bases sur les sept peches capitaux : la gourmandise, l avarice, la paresse, l orgueil, la luxure, l envie et la colere.', 'US'),
(829, 'Chinatown', 1974, 3556, 'Crime', 'Gittes, detective prive, reçoit la visite d une fausse Mme Mulwray, qui lui demande de filer son mari, ingenieur des eaux à Los Angeles. Celui-ci est retrouve mort, noye. Gittes s obstine dans son enquete, malgre les menaces de tueurs professionnels.', 'US'),
(832, 'M le maudit', 1931, 68, 'Drame', 'Un sadique assassine des petites filles. La pegre et la police se mettent à le rechercher.', 'DE'),
(838, 'American Graffiti', 1973, 1, 'Comedie', 'En 1962, les destins croises d un groupe de jeunes dans une bourgade de Californie, autour des courses de voitures, de la musique rock, des soirees et des rencontres.', 'US'),
(839, 'Duel', 1971, 488, 'Action', 'En Californie. David Mann est representant de commerce. Il prend tranquillement la route, qui s annonce des plus longues et des plus monotones, pour son travail. Il suit un enorme camion qui avance à faible allure et degage une fumee genante. Il finit par reussir à le doubler, mais le camion, capable de reprises etonnantes, deboîte aussitot et le depasse à son tour. David pense que le conducteur veut s amuser.', 'US');

INSERT INTO Film (idFilm, titre, annee, idRealisateur, genre, resume, codePays) VALUES
(840, 'Rencontres du troisieme type', 1977, 488, 'Science-Fiction', 'Des faits etranges se produisent un peu partout dans le monde : des avions qui avaient disparu durant la Seconde Guerre mondiale sont retrouves au Mexique en parfait etat de marche, un cargo est decouvert echoue au beau milieu du desert de Gobi. Dans l Indiana, pendant qu une coupure d electricite paralyse la banlieue, Roy Neary, un reparateur de câbles, voit une soucoupe volante passer au-dessus de sa voiture. D autres personnes sont egalement temoins de ce type de phenomene : Barry Guiler, un petit garçon de quatre ans, est reveille par le bruit de ses jouets qui se mettent en route. Cherchant à savoir d où proviennent ces ovnis, Roy Neary se heurte aux rigoureuses consignes de silence imposees par le gouvernement federal. Obsede par ce qu il a vu et hante par une image de montagne qu il essaie desesperement de reconstituer, il est abandonne par sa femme Ronnie et ses enfants. Il n y a que Jillian, la mere de Barry, qui le comprenne.', 'US'),
(845, 'L Inconnu du Nord-Express', 1951, 2636, 'Crime', 'Un champion de tennis est aborde dans un train par un inconnu qui lui propose un etrange marche : il supprime sa femme encombrante si celui-ci se charge d eliminer son propre pere. Croyant avoir à faire à un fou, le tennisman ne lui prete aucune attention. Peu de temps apres, sa femme est assassinee...', 'US'),
(857, 'Il faut sauver le soldat Ryan', 1998, 488, 'Drame', 'Alors que les forces alliees debarquent à Omaha Beach, Miller doit conduire son escouade derriere les lignes ennemies pour une mission particulierement dangereuse : trouver et ramener sain et sauf le simple soldat James Ryan, dont les trois freres sont morts au combat en l espace de trois jours. Pendant que l escouade progresse en territoire ennemi, les hommes de Miller se posent des questions. Faut-il risquer la vie de huit hommes pour en sauver un seul ?', 'US'),
(861, 'Total Recall', 1990, 10491, 'Action', '2048, Doug Quaid reve chaque nuit qu il est sur la planete Mars à la recherche de la belle Melina. Sa femme, Lori, s efforce de dissiper ce fantasme. Doug va bientot s apercevoir que son reve etait artificiel et que sa femme est une espionne chargee de veiller à son reconditionnement mental. Il se souvient d un sejour reel sur Mars, à l’epoque où il etait l agent le plus redoute du cruel Coohagen. Il decide de s envoler sur Mars à la recherche de son enigmatique passe.', 'US'),
(872, 'Chantons sous la pluie', 1952, 13294, 'Comedie', 'Don Lockwood et Lina Lamont sont le couple star du moment à Hollywood. Mais lorsque le parlant arrive, la voix de crecelle de Lina menace la carriere du duo...', 'US'),
(891, 'Les Hommes du president', 1976, 6349, 'Drame', 'Les journalistes Woodward et Bernstein decouvrent certains elements à l’origine du plus grand scandale politique de l’apres-guerre : l’affaire du Watergate qui força le president Nixon à demissionner…', 'US'),
(914, 'Le dictateur', 1940, 13848, 'Comedie', 'Dans le ghetto juif vit un petit barbier qui ressemble enormement à Adenoid Hynkel, le dictateur de Tomania qui a decide l extermination du peuple juif. Au cours d une rafle, le barbier est arrete en compagnie de Schultz, un farouche adversaire d Hynkel...', 'US'),
(949, 'Heat', 1995, 638, 'Action', 'Hanna, lieutenant de police aguerri qui ne vit que pour son metier, entreprend de traquer sans relâche Neil McCauley, malfrat de haut vol sur le point de se retirer des affaires. Quand Neil dirige un hold-up spectaculaire, qu il espere etre son dernier, un de ses complices abat les convoyeurs. Furieux, Neil decide de le liquider, mais l homme s enfuit.', 'US'),
(967, 'Spartacus', 1960, 240, 'Action', 'Italie, 73 av. J.C. Esclave devenu gladiateur, Spartacus est epargne par un de ses compagnons d infortune dans un combat à mort. Ce repit souleve en lui plus que jamais le souffle de la revolte, et apres avoir brise ses chaînes, il enjoint les autres esclaves à faire de meme. Rapidement à la tete d une colossale armee, Spartacus entend rejoindre le port de Brides au sud du pays pour prendre la mer à bord des navires ciliciens. Mais l Empire romain ne l entend pas de cette oreille et lance ses legions à la poursuite des esclaves revoltes...', 'US'),
(968, 'Un apres-midi de chien', 1975, 39996, 'Crime', 'Des gangsters debutants braquent une banque et se retrouvent cernes par la police et les medias. Ils prennent en otage les employes de la banque. Debute alors un cauchemar qui va durer des heures...', 'US'),
(975, 'Les sentiers de la gloire', 1957, 240, 'Drame', 'En 1916, durant la Premiere Guerre mondiale, le general français Broulard ordonne au general Mireau de lancer une offensive suicidaire contre une position allemande imprenable, surnommee La fourmiliere. Au moment de l attaque, les soldats tombent par dizaines et leurs compagnons, epuises, refusent d avancer...', 'US'),
(983, 'L Homme qui voulut etre roi', 1975, 6593, 'Aventure', 'À la fin du XIXeme siecle, Rudyard Kipling, un jeune journaliste installe en Inde, fait la connaissance de Daniel Dravot et de Peachy Carnehan, deux anciens sergents de l armee britannique à la recherche de la fortune et de la gloire. Apres un long et perilleux voyage via l Afghanistan, ces derniers penetrent dans une contree sauvage, le Kafristan, où des villageois sont en guerre contre une ville rivale. Tous deux s engagent dans la bataille. Au cours des combats, Dravot reçoit une fleche en pleine poitrine, mais continue à lutter. En realite, la fleche s est plantee dans la cartouchiere. Mais aux yeux du peuple, il passe pour un etre surnaturel, le dieu Sikander, fils d Alexandre le Grand. Apres ce miracle suppose, Dravot est proclame roi du Kafristan et beneficie de la puissance absolue. Mais le pouvoir peut corrompre meme le meilleur des hommes.', 'US'),
(996, 'Assurance sur la mort', 1944, 3146, 'Crime', 'Walter Neff, un employe d une compagnie d assurances, tombe amoureux de sa cliente et echafaude avec elle un plan pour supprimer le mari encombrant et ainsi partager avec elle l assurance-vie de ce dernier.', 'US'),
(1018, 'Mulholland Drive', 2001, 5602, 'Thriller', 'A Hollywood, durant la nuit, Rita, une jeune femme, devient amnesique suite à un accident de voiture sur la route de Mulholland Drive. Elle fait la rencontre de Betty Elms, une actrice en devenir qui vient juste de debarquer à Los Angeles. Aidee par celle-ci, Rita tente de retrouver la memoire ainsi que son identite.', 'FR'),
(1091, 'The Thing', 1982, 11770, 'Horreur', 'Une base americaine isolee dans l Antarctique est attaquee par un helicoptere cherchant à abattre un chien de traîneau. L engin neutralise, les americains decouvrent qu il provient d une base voisine recemment detruite. Place dans le chenil, le chien provoque la panique des autres animaux...', 'US'),
(1164, 'Babel', 2006, 223, 'Drame', 'En plein desert marocain, un coup de feu retentit. Il va declencher toute une serie d evenements qui impliqueront un couple de touristes americains au bord du naufrage, deux jeunes Marocains auteurs d un crime accidentel, une nourrice qui voyage illegalement avec deux enfants americains, et une adolescente japonaise rebelle dont le pere est recherche par la police à Tokyo. Separes par leurs cultures et leurs modes de vie, chacun de ces quatre groupes de personnes va cependant connaître une meme destinee d isolement et de douleur...', 'FR'),
(1254, 'Je vais bien, ne t en fais pas', 2006, 21669, 'Drame', 'Comme elle rentre de vacances, Lili, 19 ans, apprend par ses parents que Loïc, son frere jumeau, suite à une violente dispute avec son pere, a quitte la maison. Loïc ne lui donnant pas de nouvelles, Lili finit par se persuader qu il lui est arrive quelque chose et part à sa recherche. Ce qu elle va decouvrir depasse l entendement.', 'FR'),
(1398, 'Stalker', 1979, 8452, 'Science-Fiction', 'Stalker, sorte de guide, accompagne un physicien et un ecrivain dans la zone, vaste no man s land ou jadis est tombee une meteorite. Ce territoire contient un secret: la chambre des desirs exauçant les voeux de ceux qui s y rendent.', 'SU'),
(1443, 'Virgin suicides', 1999, 1769, 'Drame', 'Dans une ville americaine tranquille et puritaine des annees soixante-dix, Cecilia Lisbon, 13 ans, tente de se suicider. Elle a 4 sœurs, de jolies adolescentes. Cet incident eclaire d un jour nouveau le mode de vie de toute la famille. L histoire, relatee par l’intermediaire de la vision des garçons du voisinage, obsedes par ces sœurs mysterieuses, depeint avec cynisme la vie adolescente. Petit a petit, la famille se referme et les filles reçoivent rapidement l interdiction de sortir. Alors que la situation s enlise, les garçons envisagent de secourir les filles.', 'US'),
(1538, 'Collateral', 2004, 638, 'Drame', 'Max est taxi de nuit à Los Angeles. Un soir, il se lie d amitie avec une denommee Annie Farrell, une belle femme procureur montee à l arriere de son vehicule. Quelques minutes plus tard, c est au tour d un homme prenomme Vincent de monter dans le taxi. Un businessman, selon toute apparence, avec un emploi du temps charge : pas moins de cinq rendez-vous à tenir dans la nuit. Max accepte de lui louer ses services jusqu au petit matin, en echange de 600 dollars. Premier arret. Vincent entre dans un immeuble. Un coup de feu eclate aussitot, un corps plonge dans le vide, s ecrasant sur le toit du taxi. Vincent redescend et, sous la menace de son arme, oblige Max à dissimuler le cadavre dans le coffre et à reprendre son mortel periple. Un chauffeur de taxi, un tueur implacable, cinq cibles à eliminer, des agents des stups et une equipe du FBI... Leurs destins se joueront cette nuit...', 'US'),
(1541, 'Thelma et Louise', 1991, 578, 'Drame', 'Deux amies, Thelma et Louise, frustrees par une existence monotone l une avec son mari, l autre avec son petit ami, decident de s offrir un week-end sur les routes magnifiques de l Arkansas. Premier arret, premier saloon, premiers ennuis et tout bascule. Un evenement tragique va changer definitivement le cours de leurs vies.', 'US'),
(1553, 'De battre mon cœur s est arrete', 2005, 17496, 'Musique', 'A 28 ans, Tom semble marcher sur les traces de son pere dans l immobilier vereux. Mais une rencontre fortuite le pousse à croire qu il pourrait etre le pianiste concertiste de talent qu il revait de devenir, à l image de sa mere. Sans cesser ses activites, il tente de preparer une audition.', 'FR'),
(1571, 'Die Hard 4 : Retour en enfer', 2007, 3950, 'Action', 'Pour sa quatrieme aventure, l inspecteur John McClane se trouve confronte à un nouveau genre de terrorisme. Le reseau informatique national qui controle absolument toutes les communications, les transports et l energie des etats-Unis, est detruit de façon systematique, plongeant le pays dans le chaos. Le cerveau qui est derriere le complot a tout calcule à la perfection. Ou presque... Il n avait pas prevu McClane, un flic de la vieille ecole qui connait deux ou trois trucs efficaces pour dejouer les attaques terroristes.', 'GB'),
(1572, 'Une Journee en enfer', 1995, 1090, 'Action', 'Decidement, John McLane ne peut jamais avoir la paix ! Apres avoir libere un building des mains d un terroriste, apres avoir sauve sa femme d un avion en perdition, le voilà aux prises avec un psychopathe qui le fait jouer à un « Jacques a dit » meurtrier. Les regles sont simples, si il ne resout pas les enigmes posees, une bombe explose dans un lieu public.', 'US'),
(1573, '58 minutes pour vivre', 1990, 16938, 'Action', 'L inspecteur de police McClane attend que l avion de son epouse atterrisse dans un aeroport international proche de Washington. D etranges allers et venues attirent son attention. Il suit des hommes qui communiquent discretement entre eux jusqu au sous-sol de l aeroport. Là, des inconnus tirent sur lui et des mercenaires prennent le controle de l’aeroport, coupant toute communication avec l exterieur. Les passagers des avions prets à l atterrissage, dont la femme de McClane, n ont plus que cinquante-huit minutes pour vivre !', 'US'),
(1628, 'Jules et Jim', 1962, 1650, 'Drame', 'Paris, dans les annees 1900 : Jules, allemand et Jim, français, deux amis artistes, sont epris de la meme femme, Catherine. C est Jules qui epouse Catherine. La guerre les separe. Ils se retrouvent en 1918. Catherine n aime plus Jules et tombe amoureuse de Jim.', 'FR'),
(1716, 'Le Dernier Metro', 1980, 1650, 'Drame', 'Alors que les Allemands occupent la moitie de la France, Marion Steiner ne pense qu aux repetitions de la piece qu elle doit monter au theâtre Montmartre dont elle assure la direction depuis que son mari, Lucas, juif allemand, s est enfui de Paris. En realite, Lucas s est refugie dans les sous-sols du bâtiment. Chaque soir, Marion lui rend visite et commente avec lui le travail des comediens, notamment celui du jeune premier de la troupe, Bernard Granger.', 'FR'),
(1891, 'L Empire contre-attaque', 1980, 10930, 'Aventure', 'Malgre la destruction de l’etoile Noire, l Empire maintient son emprise sur la galaxie, et poursuit sans relâche sa lutte contre l Alliance rebelle. Bases sur la planete glacee de Hoth, les rebelles essuient un assaut des troupes imperiales. Parvenus à s echapper, la princesse Leia, Han Solo, Chewbacca et C-3P0 se dirigent vers Bespin, la cite des nuages gouvernee par Lando Calrissian, ancien compagnon de Han. Suivant les instructions d Obi-Wan Kenobi, Luke Skywalker se rend quant à lui vers le systeme de Dagobah, planete marecageuse où il doit recevoir l enseignement du dernier maître Jedi, Yoda. Apprenant l arrestation de ses compagnons par les stormtroopers de Dark Vador apres la trahison de Lando, Luke decide d interrompre son entraînement pour porter secours à ses amis et affronter le sombre seigneur Sith...', 'US'),
(1892, 'Le Retour du Jedi', 1983, 19800, 'Aventure', 'L Empire galactique est plus puissant que jamais : la construction de la nouvelle arme, l’etoile de la Mort, menace l univers tout entier... Arrete apres la trahison de Lando Calrissian, Han Solo est remis à l ignoble contrebandier Jabba Le Hutt par le chasseur de primes Boba Fett. Apres l echec d une premiere tentative d evasion menee par la princesse Leia, egalement arretee par Jabba, Luke Skywalker et Lando parviennent à liberer leurs amis. Han, Leia, Chewbacca, C-3PO et Luke, devenu un Jedi, s envolent des lors pour une mission d extreme importance sur la lune forestiere d Endor, afin de detruire le generateur du bouclier de l’etoile de la Mort et permettre une attaque des pilotes de l Alliance rebelle. Conscient d etre un danger pour ses compagnons, Luke prefere se rendre aux mains de Dark Vador, son pere et ancien Jedi passe du cote obscur de la Force.', 'US'),
(1893, 'Star Wars, episode I - La Menace fantome', 1999, 1, 'Aventure', 'Il y a bien longtemps, dans une galaxie tres lointaine... La Republique connaît de nombreux tourments : la corruption fait vaciller ses bases, le Senat s embourbe dans des discussions politiques sans fin et de nombreux pouvoirs dissidents commencent à emerger, annonçant la chute d un systeme autrefois paisible. Puissante et intouchable, la Federation du Commerce impose par la force la taxation des routes commerciales. Refusant de ceder, la pacifique planete Naboo, dirigee par la jeune Reine Amidala, subit un blocus militaire de la Federation. Depeches par le Senat pour regler cette affaire, les chevaliers Jedi Qui-Gon Jinn et Obi-Wan Kenobi decouvrent qu une veritable offensive de la Federation est imminente. Liberant la Reine et ses proches, ils quittent la planete mais doivent se poser sur Tatooine pour reparer leur vaisseau...', 'US'),
(1894, 'Star Wars, episode II - L Attaque des clones', 2002, 1, 'Aventure', 'Depuis le blocus de la planete Naboo par la Federation du commerce, la Republique, gouvernee par le Chancelier Palpatine, connaît une veritable crise. Un groupe de dissidents, mene par le sombre Jedi comte Dooku, manifeste son mecontentement envers le fonctionnement du regime. Le Senat et la population intergalactique se montrent pour leur part inquiets face à l emergence d une telle menace.Certains senateurs demandent à ce que la Republique soit dotee d une solide armee pour empecher que la situation ne se deteriore davantage. Parallelement, Padme Amidala, devenue senatrice, est menacee par les separatistes et echappe de justesse à un attentat. Le Padawan Anakin Skywalker est charge de sa protection. Son maître, Obi-Wan Kenobi, part enqueter sur cette tentative de meurtre et decouvre la constitution d une mysterieuse armee de clones...', 'US'),
(1895, 'Star Wars, episode III - La Revanche des Sith', 2005, 1, 'Science-Fiction', 'La Guerre des Clones fait rage. Une franche hostilite oppose desormais le Chancelier Palpatine au Conseil Jedi. Anakin Skywalker, jeune Chevalier Jedi pris entre deux feux, hesite sur la conduite à tenir. Seduit par la promesse d un pouvoir sans precedent, tente par le cote obscur de la Force, il prete allegeance au malefique Darth Sidious et devient Dark Vador. Les Seigneurs Sith s unissent alors pour preparer leur revanche, qui commence par l extermination des Jedi. Seuls rescapes du massacre, Yoda et Obi-Wan se lancent à la poursuite des Sith. La traque se conclut par un spectaculaire combat au sabre entre Anakin et Obi-Wan, qui decidera du sort de la galaxie...', 'US'),
(1955, 'Elephant Man', 1980, 5602, 'Drame', 'Londres, 1884. Le chirurgien Frederick Treves decouvre un homme completement defigure et difforme, devenu une attraction de foire. John Merrick,  le monstre , doit son nom de Elephant Man au terrible accident que subit sa mere. Alors enceinte de quelques mois, elle est renversee par un elephant. Impressionne par de telles difformites, le Dr. Treves achete Merrick, l arrachant ainsi à la violence de son proprietaire, et à l humiliation quotidienne d etre mis en spectacle. Le chirurgien pense alors que  le monstre  est un idiot congenital. Il decouvre rapidement en Merrick un homme meurtri, intelligent et dote d une grande sensibilite.', 'GB'),
(1985, 'The constant gardener', 2005, 8557, 'Drame', 'Dans une region reculee du nord du Kenya, Tessa Quayle, brillante avocate aussi militante que passionnee, est retrouvee sauvagement assassinee. Le medecin africain qui l accompagnait est porte disparu et tout porte à croire qu il s agit d un crime passionnel. Sandy Woodrow, Sir Bernard Pellegrin et les autres membres du Haut Commissariat Britannique s imaginent que l epoux de Tessa, leur discret et modeste collegue Justin Quayle, ne cherchera pas à prendre l affaire en main. C est bien mal le connaître...', 'CN'),
(2252, 'Les Promesses de l ombre', 2007, 224, 'Thriller', 'Bouleversee par la mort d une jeune fille qu elle aidait à accoucher, Anna tente de retrouver la famille du nouveau-ne en s aidant du journal intime de la disparue, ecrit en russe. En remontant la piste de l ouvrage qu elle tente de faire decrypter, la sage-femme rencontre Semyon. Elle ignore que ce paisible proprietaire du luxueux restaurant Trans-Siberian est en fait un redoutable chef de gang et que le document qu elle possede va lui attirer de serieux problemes...Pour Nikolai, chauffeur et homme de main de la toute-puissante famille criminelle de l Est, c est le debut d une remise en cause. Entre Semyon et son fils Kirill, prets à tout pour recuperer le journal, et l innocente Anna, sa loyaute va etre mise à rude epreuve. Autour d un document qui se revele de plus en plus explosif, plusieurs vies sont en jeu, dont la sienne, alors que se dechaînent les meurtres et les trahisons dans la famille comme dans la ville...', 'GB'),
(2433, 'Les demoiselles de Rochefort', 1967, 24882, 'Musique', 'Delphine et Solange sont deux jumelles de 25 ans, ravissantes et spirituelles. Delphine, la blonde, donne des leçons de danse et Solange, la rousse, des cours de solfege. Elle vivent dans la musique comme d autres vivent dans la lune et revent de rencontrer le grand amour au coin de la rue. Justement des forains arrivent en ville et frequentent le bar que tient la mere des jumelles. Une grande foire se prepare et un marin reveur cherche son ideal feminin...', 'FR'),
(2668, 'Sleepy Hollow, La Legende du cavalier sans tete', 1999, 510, 'Drame', 'En 1799, dans une bourgade de la Nouvelle-Angleterre, plusieurs cadavres sont successivement retrouves decapitees. Les tetes ont disparu. Terrifies, les habitants sont persuades que ces meurtres sont commis par un etrange et furieux cavalier, dont la rumeur pretend qu il est lui-meme sans tete. Les autorites new-yorkaises envoient alors leur plus fin limier pour eclaircir ce mystere. Ichabod Crane ne croit ni aux legendes, ni aux vengeances post-mortem. Mais, à peine arrive, il succombe au charme etrange et veneneux de la belle Katrina Van Tassel.', 'DE'),
(2786, 'Pierrot le fou', 1965, 3776, 'Drame', 'Ferdinand Griffon, marie à une femme riche, s ennuie dans le milieu mondain dans lequel elle l entraîne. Au cours d une soiree, il rencontre Marianne, une etudiante qu il a connue cinq ans auparavant. Delaissant sa femme, il passe la nuit chez elle et prend la decision de ne plus en bouger. Son epouse demande le divorce. Marianne, melee à des affaires louches, trouve un cadavre dans son appartement. Les amants fuient avec la voiture du defunt et prennent la direction de la Cote d Azur, où Marianne dit vouloir retrouver son frere. Sans le sou, ils attaquent une station-service. Marianne se plaît à appeler son amant «Pierrot». Leurs aventures les conduisent au bord de la mer...', 'FR'),
(2817, 'On connaît la chanson', 1997, 11983, 'Drame', 'Odile et Claude forment un couple routinier. Claude voit d un mauvais œil le retour à Paris de Nicolas, un ancien amant d Odile. Odile projette, quant à elle, d acheter un grand appartement. Elle s adresse à Marc, agent immobilier dont Camille, la sœur d Odile, guide et etudiante en Histoire, s eprend lors d une visite des lieux. Mais Camille est sans le savoir convoitee par Simon, employe du tyrannique Marc, et qui partage avec elle la passion de l Histoire. Simon pratique sans conviction son metier d agent immobilier, en faisant notamment visiter à Nicolas une trentaine d appartements.', 'IT'),
(3053, 'Le Bal des vampires', 1967, 3556, 'Comedie', 'Un vieux savant et son aide pourchassent, dans un sinistre château de Transylvanie, une curieuse espece de vampires.', 'GB'),
(3082, 'Les temps modernes', 1936, 13848, 'Drame', 'Charlot est ouvrier dans une gigantesque usine. Il resserre quotidiennement des boulons. Mais les machines, le travail à la chaîne le rendent malade, il abandonne son poste, recueille une orpheline et vit d expedients. Le vagabond et la jeune fille vont s allier pour affronter ensemble les difficultes de la vie...', 'US'),
(3175, 'Barry Lyndon', 1975, 240, 'Drame', 'Au XVIIIe siecle en Irlande, à la mort de son pere, le jeune Redmond Barry ambitionne de monter dans l echelle sociale. Il elimine en duel son rival, un officier britannique amoureux de sa cousine mais est ensuite contraint à l exil. Il s engage dans l armee britannique et part combattre sur le continent europeen. Il deserte bientot et rejoint l armee prussienne des soldats de Frederic II afin d echapper à la peine de mort. Envoye en mission, il doit espionner un noble joueur, mene un double-jeu et se retrouve sous la protection de ce dernier. Introduit dans la haute societe europeenne, il parvient à devenir l amant d une riche et magnifique jeune femme, Lady Lyndon. Prenant connaissance de l adultere, son vieil epoux sombre dans la depression et meurt de depit. Redmond Barry epouse Lady Lyndon et devient Barry Lyndon.', 'GB'),
(3766, 'La Dame de Shanghai', 1947, 40, 'Crime', 'A Cuba, Michael, marin irlandais en quete d un embarquement, sauve d une agression une jeune femme, Elsa. Le mari d Elsa, avocat celebre, offre à Michael d embarquer sur son yacht pour une croisiere vers San Francisco. Elsa et Michael s aiment. Grisby, l associe de Bannister, s apercoit de cet amour. Il veut disparaître et propose à Michael 5000 dollars pour signer un papier dans lequel il confesse l avoir tue.', 'US'),
(3767, 'Gilda', 1946, 32134, 'Drame', 'Ballin Mundson, directeur d un casino, prend sous sa protection un jeune Americain, Johnny Farrell, apres l avoir sauve d une mort certaine. Ballin, devant s absenter, confie la direction de son etablissement à Johnny. Il revient quelque temps plus tard marie à Gilda, l ancienne maîtresse de Johnny.', 'US'),
(4034, 'L Homme de Rio', 1964, 34613, 'Action', 'Le deuxieme classe Adrien Dufourquet est temoin de l enlevement de sa fiancee Agnes, fille d un celebre ethnologue. Il part à sa recherche, qui le mene au Bresil, et met au jour un trafic de statuettes indiennes.', 'FR'),
(4584, 'Raison et Sentiments', 1995, 1614, 'Drame', 'En Angleterre, au debut du XIXe siecle. À sa mort, monsieur Dashwood laisse son epouse et ses trois filles depourvues de tout bien. Chassees de leur maison par le fils aîne, un etre grossier entierement domine par son acariâtre epouse, les quatre femmes doivent se resoudre à demander asile à une cousine eloignee. Avant de partir, Elinor, l aînee des filles, la plus vertueuse, a le temps de s eprendre du frere de sa belle-sœur, le charmant mais bafouillant Edward. Marianne, la cadette, dejoue les plans de son envahissante cousine. Plutot que de s eprendre du colonel Brandon, un riche celibataire des environs, elle s enflamme pour le seduisant Willoughby...', 'GB'),
(4808, 'Charade', 1963, 13284, 'Comedie', 'De retour des sports d hiver, Reggie Lampert, en instance de divorce, retrouve son appartement parisien sens dessus-dessous et apprend la mort de son mari. L inspecteur Grandpierre lui explique que son epoux avait detourne pendant la guerre un magot destine à la Resistance française. Ses anciens complices ont dû vraisemblablement l abattre, voyant qu il voulait profiter seul du tresor. Suspectee par ces derniers, Reggie ne sait plus où donner de la tete. Meme Peter Joshua, un seduisant celibataire rencontre aux sports d hiver, pres duquel elle cherchait un appui, semble implique dans cette affaire.', 'US'),
(5503, 'Le Fugitif', 1993, 12989, 'Aventure', 'Le chirurgien David Kimble mene une vie paisible jusqu au jour où il retrouve son epouse avec le crâne fracasse et est accuse du meurtre. Pour retablir la verite, il doit d abord s evader et reprendre l enquete de zero, avec toute la police à ses trousses.', 'US'),
(5511, 'Le Samouraï', 1967, 3831, 'Crime', 'Jef Costello, un tueur à gages, est charge d eliminer le patron d une boîte de nuit. Un soir, il execute froidement son contrat. Valerie, la pianiste de l etablissement, l a vu commettre son crime. Jef met alors soigneusement au point un alibi, avec l aide de sa maîtresse, Jane Lagrange. Mais la police a des soupçons à son egard et le surveille de tres pres. Son employeur, dont il ignore tout, y compris son identite, tente de le faire abattre lors de la remise de la prime, sur une passerelle. Etre solitaire et glace, enferme dans son code de l honneur, Jef Costello, blesse au bras, ne peut plus compter sur personne et comprend qu il va lui falloir sauver sa peau et affronter tous ceux qui en veulent à sa vie...', 'FR'),
(5548, 'RoboCop', 1987, 10491, 'Action', 'À l aube de l an 2000, Detroit est, comme toujours dans cette sorte d histoire, la proie du crime et de la corruption. Pour pallier ce terrible etat, les services de police inventent une nouvelle arme infaillible, Robocop, mi-homme, mi-robot, policier electronique de chair et d acier qui a pour mission de sauvegarder la tranquillite de la ville. Mais comme souvent, ce cyborg a aussi une âme.', 'US'),
(6075, 'L Impasse', 1993, 1150, 'Crime', 'En 1975, à New York, Carlito Brigante, un ancien trafiquant de drogue, est libere de prison grâce à David Kleinfeld, son avocat, qui a decouvert plusieurs vices de forme dans la maniere dont le procureur Bill Norwalk avait instruit le proces. Carlito est bien decide à rentrer dans le droit chemin et, des qu il aura economise assez d argent, il compte se retirer aux Bahamas pour s assurer une retraite paisible avec Gail, sa compagne danseuse dans une boîte de strip-tease. Mais le destin en decidera autrement.', 'US'),
(6114, 'Dracula d apres Bram Stoker', 1992, 1776, 'Romance', 'En 1492, le prince Vlad Dracul, revenant de combattre les armees turques, trouve sa fiancee suicidee. Fou de douleur, il defie Dieu, et devient le comte Dracula, vampire de son etat. Quatre cents ans plus tard, desireux de quitter la Transylvanie pour s etablir en Angleterre, il fait appel à Jonathan Harker, clerc de notaire et fiance de la jolie Mina Murray. La jeune fille est le sosie d Elisabeta, l amour ancestral du comte...', 'US'),
(6977, 'No Country For Old Men', 2007, 1224, 'Crime', 'A la frontiere qui separe le Texas du Mexique, les trafiquants de drogue ont depuis longtemps remplace les voleurs de betail. Lorsque Llewelyn Moss tombe sur une camionnette abandonnee, cernee de cadavres ensanglantes, il ne sait rien de ce qui a conduit à ce drame. Et quand il prend les deux millions de dollars qu il decouvre à l interieur du vehicule, il n a pas la moindre idee de ce que cela va provoquer... Moss a declenche une reaction en chaîne d une violence inouïe que le sherif Bell, un homme vieillissant et sans illusions, ne parviendra pas à contenir...', 'US'),
(8053, 'Trois enterrements', 2005, 2176, 'Aventure', 'Le corps de Melquiades Estrada, paysan mexicain, est retrouve en plein desert, où il a ete rapidement enterre apres son assassinat. Par qui ? Pete Perkins, contremaître de la region et meilleur ami de Melquiades, va mener lui-meme l enquete que les autorites locales refusent d assumer. Seul garant, dans cette etrange region du Texas, d une reelle humanite, il va decouvrir le meurtrier, lui faire deterrer le corps et offrir à son ami le plus beau voyage de sa vie, vers une sepulture honorable dans son Eldorado natal, le Mexique. Il va aussi offrir à son assassin une magnifique leçon sur la vie des hommes, le sens des valeurs, le respect de la vie.', 'FR'),
(8217, 'Alice', 1990, 1243, 'Comedie', 'Alice, mariee depuis quinze ans, mere de deux beaux enfants, epouse d un homme brillant, riche et fidele, a tout pour etre heureuse et elle l est. Mais un mal de dos persistant va bouleverser sa vie. Sur les conseils d amis, elle consulte un chiropracteur de Chinatown qui lui prescrit des potions qui ont des effets inattendus.', 'US'),
(8290, 'La Grande Vadrouille', 1966, 11195, 'Comedie', 'En 1942, un avion anglais est abattu par les Allemands au-dessus de Paris. Les trois pilotes sautent en parachute et atterrissent dans differents endroits de la capitale. Ils sont aides par deux civils français, un chef d orchestre et un peintre en bâtiment qui acceptent de les mener en zone libre; ils deviennent ainsi, malgre eux, acteurs de la Resistance.', 'FR'),
(8489, 'Ali', 2001, 638, 'Drame', 'La vie du boxeur Cassius Clay à partir de sa victoire historique sur le champion du monde Sonny Liston en 1964 jusqu au celebre combat contre George Foreman en 1974. En marge de sa carriere sportive de l epoque, le film retrace l engagement de celui qui changera de nom pour Mohamed Ali aux cotes du mouvement Nation of Islam et ses relations avec Malcom X.', 'US'),
(9008, 'Revelations', 1999, 638, 'Drame', 'Lowell Bergman, celebre journaliste d investigation et producteur de l emission 60 minutes, reçoit un dossier envoye par un employe anonyme de Philip Morris. Y sont decrits les mefaits de la nicotine et la dependance qu elle cree. Bergman contacte Jeffrey Wigand, un scientifique travaillant pour Brown et Williamson, le troisieme fabricant de cigarettes des etats-Unis. Ils vont ensemble faire eclater l un des scandales les plus retentissants de l histoire du tabac.', 'US'),
(9075, 'Black book', 2006, 10491, 'Drame', 'La Haye, sous l occupation allemande. Lorsque sa cachette est detruite par une bombe, la belle chanteuse Rachel Steinn tente, avec un groupe de juifs, de gagner la Hollande Meridionale, dejà liberee. Mais une patrouille allemande les intercepte dans le delta du Biesboch. Tous les refugies sont abattus ; seule Rachel echappe au massacre. Elle rejoint alors la resistance et, sous le nom d Ellis de Vries, parvient à infiltrer le Service de Renseignements allemand et à se lier avec l officier Müntze. Seduit, celui-ci lui offre un emploi…', 'NL'),
(9208, 'Broken Arrow', 1996, 11401, 'Action', 'Le capitaine Riley Hale, pilote d essai dans l armee americaine, est en fervente admiration devant le major Vic Deakins, avec lequel il fait equipe. Sa ferveur est stoppee net le jour où, en mission ultra secrete à bord d un bombardier furtif B-3 qui transporte deux missiles à ogives nucleaires operationnels, Deakins le menace d un pistolet et l ejecte de l appareil à la limite de l Utah et de l Arizona.', 'US'),
(9281, 'Witness', 1985, 2690, 'Crime', 'L inspecteur John Book enquete sur un meurtre dont le seul temoin est un jeune garçon membre de la communaute des Amish. Decouvrant que son superieur est l instigateur de ce crime, John Book se refugie aupres de cette communaute pacifiste.', 'US'),
(9361, 'Le Dernier des mohicans', 1992, 638, 'Action', '1757, etat de New York. La guerre fait rage entre Français et Anglais pour l appropriation des territoires indiens. L officier anglais, Duncan Heyward, est charge de conduire deux soeurs, Cora et Alice Munro jusqu à  leur pere. Ils sont sauves d une embuscade par Hawkeye, un frontalier d origine europeenne, eleve par le Mohican Chingachgook et son fils Uncas. Ils decident d escorter ensemble les deux jeunes filles.', 'US'),
(9426, 'La Mouche', 1986, 224, 'Horreur', 'Seth Brundle est un jeune biologiste tres doue. Apres avoir fait ses premieres armes dans une brillante equipe, il se decide à travailler seul. Il met au point une invention qui doit revolutionner le monde : la teleportation qui consiste à transporter la matiere à travers l espace. Les essais sur un babouin sont peu convaincants et apres des fuites dans la presse, il decide de se teleporter lui-meme. Seulement il ne s apercoit pas qu une mouche fait partie du voyage.', 'CA'),
(9540, 'Faux-semblants', 1988, 224, 'Thriller', 'Deux vrais jumeaux, Beverly et Elliot Mantle, gynecologues de renom, partagent le meme appartement, la meme clinique, les memes idees et les memes femmes. Un jour, une actrice celebre vient les consulter pour sterilite. Les deux freres en tombent amoureux mais si pour Elliot elle reste une femme parmi tant d autres, pour Beverly elle devient la femme. Pour la premiere fois les freres Mantle vont penser, sentir et agir differemment.', 'CA'),
(9558, 'The King of New York', 1990, 39104, 'Thriller', 'L histoire d un gangster au grand cœur mais aux methodes definitives, surnomme par la presse The King of New York et qui reve de fonder un hopital, confronte a des policiers opiniâtres qui ont jure de l abattre...', 'IT'),
(10098, 'Le Kid', 1921, 13848, 'Comedie', 'Un pauvre vitrier recueille un enfant abandonne par sa mere victime d un seducteur. L enfant casse des carreaux pour aider son pere adoptif, qui l arrache à des dames patronnesses, puis le rend à sa mere, devenue riche.', 'US'),
(10669, 'Delivrance', 1972, 19665, 'Drame', 'Quatre Americains de classe moyenne, Ed Gentry, Lewis Medlock, Bobby Trippe et Drew Ballinger decident de consacrer leur week-end à la descente en canöe d une impetueuse riviere situee au nord de la Georgie. Ils envisagent cette expedition comme un dernier hommage à une nature sauvage et condamnee par la construction d un futur barrage. Mais les dangers qu ils affronteront ne proviendront pas uniquement des flots tumultueux de la riviere...', 'US'),
(10675, 'Frantic', 1988, 3556, 'Crime', 'Richard Walker, cardiologue americain, arrive à Paris en compagnie de sa femme Sondra pour assister à un congres medical. Quelques heures apres leur arrivee Sondra disparaît mysterieusement. Richard part à sa recherche dans un Paris qu il ne connait pas.', 'FR'),
(10835, 'The Killer', 1989, 11401, 'Action', 'Jeff est un tueur à gages. Lors d une commande, il rend accidentellement aveugle une chanteuse de bar, Jennie. Hante par le remords, il decide d aider Jennie... et tombe progressivement amoureux d elle. Alors qu il decide d accepter une derniere commande, dont l argent doit servir à operer Jennie, il se fait reperer par l inspecteur Li. Les commanditaires de Jeff decident alors de se retourner contre lui et tentent de l assassiner. Coince entre l inspecteur Li, flic acharne pret à tout pour l arreter, et son ancien boss, Jeff n a pas d autre choix que de reprendre les armes. Alors que les amities sont trahies, aucun personnage n apparaît ni tout blanc ni tout noir.', 'HK'),
(10889, 'Gloria', 1980, 11147, 'Drame', 'Une femme herite d un jeune garçon que son pere, traque par la mafia, lui confie. D abord reticente, elle fera tout pour sauver l enfant pourchasse.', 'US'),
(10935, 'La Porte du paradis', 1980, 12114, 'Drame', 'Deux anciens eleves de Harvard se retrouvent en 1890 dans le Wyoming. Averill est sherif federal tandis que Billy Irvine, ronge par l alcool, est membre d une association de gros eleveurs en lutte contre les petits immigrants venus pour la plupart d Europe centrale. Averill s oppose à l intervention de l association sur le district et tente de convaincre son amie Ella, une prostituee d origine française, de quitter le pays.', 'US'),
(11183, 'Les Bronzes', 1978, 37626, 'Comedie', 'Un groupe de vingt personnes arrive extenue dans un club situe en Afrique pour passer quelques jours de repos. Et ils sont bien decides à rentabiliser au maximum leurs vacances. C est ainsi que nous suivrons les aventures tragi-comiques de la colerique Nathalie, de Gigi, de Jerome le sûr-de-lui, Christiane, le malchanceux Jean-Claude, et bien-sûr celles des G.O (gentils organisateurs). Nouvelles rencontres, liaisons momentanees, petits et grands drames seront au programme...', 'FR'),
(11368, 'Sang pour sang', 1984, 1223, 'Crime', 'Au Texas, un proprietaire de bar decouvrant que sa femme le trompe avec le barman, engage un detective texan pour les assassiner. Mais sous des dehors de parfait imbecile, ce dernier va se reveler un personnage machiavelique et imprevisible…', 'US'),
(11439, 'The ghost writer', 2010, 3556, 'Thriller', 'The Ghost, un « ecrivain - negre » à succes est engage pour terminer les memoires de l ancien Premier ministre britannique, Adam Lang. Mais des le debut de cette collaboration, le projet semble perilleux : une ombre plane sur le deces accidentel du precedent redacteur, ancien bras droit de Lang…', 'FR'),
(11462, 'Soupçons', 1941, 2636, 'Mystere', 'Johnnie Aysgarth est un joueur seduisant, masquant son oisivete par son charme. Il rencontre la douce et riche Lina MacKinlaw dans un train, essayant de voyager en premiere classe avec un billet de troisieme. Il lui fait la cour et l epouse rapidement. Lina ne decouvre la vraie personnalite de son mari qu au retour de la lune de miel et devient suspicieuse au moment où l ami et associe de Johnnie est tue mysterieusement...', 'US'),
(11657, 'Le Cercle rouge', 1970, 3831, 'Drame', 'Un truand marseillais, un detenu en cavale et un ancien policier mettent au point le hold-up du siecle. Le commissaire Mattei, de la brigade criminelle, leur tend une souriciere.', 'FR'),
(11778, 'Voyage au bout de l enfer', 1978, 12114, 'Drame', 'Trois jeunes Americains, amateurs de la chasse aux daims, partent combattre au Vietnam. Seuls certains reviendront de cette tragique epreuve. Second film de Michael Cimino qui marque une etape essentielle dans l’evolution du cinema americain.', 'GB'),
(11953, 'Kagemusha, l ombre du guerrier', 1980, 5026, 'Action', 'En 1573, le Japon est le theâtre de guerres incessantes entre clans rivaux. Le plus puissant de ces clans est commande par Shingen Takeda. Au cours du siege du château de Noda, Takeda est blesse à mort par un tireur embusque. Pour eviter que son clan perde de sa cohesion dans des luttes intestines, Shingen demande que sa mort reste cachee pendant trois ans. Un ancien voleur, epargne pour sa ressemblance avec le seigneur de la guerre, fait alors office de doublure avec la complicite des generaux, afin de duper leurs nombreux ennemis à l affût.', 'JP'),
(11963, 'Les 3 jours du Condor', 1975, 2226, 'Thriller', 'Joseph Turner travaille pour une unite de la CIA chargee de trouver des fuites dans les methodes de l Agence et eventuellement de nouvelles sources de renseignements en effectuant une veille permanente de tous les ecrits edites à travers le monde... Un jour, apres etre alle faire des courses pour la pause dejeuner, Turner retrouve tous ses collegues assassines. S engage alors une course contre la montre pour savoir qui a commis ces meurtres et comment lui echapper. Mais petit à petit, plusieurs indices le poussent à penser que des agents de la CIA sont à l origine du drame...', 'US'),
(12143, 'Bad Lieutenant', 1992, 39104, 'Crime', 'Un flic pourri et drogue accumule les dettes. Lorsqu une nonne est violee par deux hommes dans une eglise, celle-ci place une recompense sur la tete des deux criminels. Le Lieutenant voulant payer les dettes qui mettent en danger sa propre vie, decide de rechercher les criminels, tel un chasseur de primes. Sa descente au enfer ne verra plus de fin...', 'US'),
(15152, 'OSS 117 : Le Caire, nid d espions', 2006, 67717, 'Crime', 'egypte, 1955, le Caire est un veritable nid d espions. Tout le monde se mefie de tout le monde, tout le monde complote contre tout le monde : Anglais, Français, Sovietiques, la famille du Roi dechu Farouk qui veut retrouver son trone, les Aigles de Kheops, secte religieuse qui veut prendre le pouvoir. Le President de la Republique Française, Monsieur Rene Coty, envoie son arme maîtresse mettre de l ordre dans cette petaudiere au bord du chaos : Hubert Bonisseur de la Bath, dit OSS 117.', 'FR'),
(15383, 'L Armee des ombres', 1969, 3831, 'Guerre', 'Octobre 1942.  Ingenieur distingue des Ponts et Chaussees, soupçonne de pensee gaulliste, semblant jouir d une certaine influence , Philippe Gerbier est interne dans un camp français puis transfere au quartier general de la Gestapo de l hotel Majestic à Paris. Il s en evade en tuant une sentinelle.', 'FR'),
(15588, 'OSS 117 : Rio ne repond plus', 2009, 67717, 'Crime', 'Douze ans apres Le Caire, OSS 117 est de retour pour une nouvelle mission à l autre bout du monde. Lance sur les traces d un microfilm compromettant pour l’etat français, le plus celebre de nos agents va devoir faire equipe avec la plus seduisante des lieutenants-colonels du Mossad pour capturer un nazi maître chanteur. Des plages ensoleillees de Rio aux luxuriantes forets amazoniennes, des plus profondes grottes secretes au sommet du Christ du Corcovado, c est une nouvelle aventure qui commence. Quel que soit le danger, quel que soit l enjeu, on peut toujours compter sur Hubert Bonisseur de la Bath pour s en sortir...', 'FR'),
(15867, 'Interieurs', 1978, 1243, 'Drame', 'Arthur et Eve sont maries depuis de longues annees. Ils ont eu trois filles. Eve pensait donner un sens à sa vie en creant pour ceux qu elle aime un interieur le plus harmonieux possible. Cependant son goût obsessionnel pese sur sa famille ainsi que la grave crise de depression qu elle traverse.N en pouvant plus, Arthur decide une separation temporaire. Au cours d un voyage en Grece, celui-ci tombe amoureux d une autre femme et souhaite l epouser. Le pere presente sa nouvelle compagne à ses trois filles et provoque un drame dans la famille.', 'US'),
(16869, 'Inglourious Basterds', 2009, 138, 'Drame', 'Dans la France occupee de 1941, Shosanna Dreyfus assiste à l execution de sa famille tombee entre les mains du colonel nazi Hans Landa. Shosanna s echappe de justesse et s enfuit à Paris où elle se construit une nouvelle identite en devenant exploitante d une salle de cinema. Quelque part ailleurs en Europe, le lieutenant Aldo Raine forme un groupe de soldats juifs americains pour mener des actions punitives particulierement sanglantes contre les nazis. « Les bâtards », nom sous lequel leurs ennemis vont apprendre à les connaître, se joignent à l actrice allemande et agent secret Bridget von Hammersmark pour tenter d eliminer les hauts dignitaires du Troisieme Reich. Leurs destins vont se jouer à l entree du cinema où Shosanna est decidee à mettre à execution une vengeance tres personnelle.', 'DE'),
(21575, 'Un prophete', 2009, 17496, 'Crime', 'Condamne à six ans de prison, Malik El Djebena ne sait ni lire, ni ecrire. À son arrivee en Centrale, seul au monde, il paraît plus jeune, plus fragile que les autres detenus. Il a 19 ans. D emblee, il tombe sous la coupe d un groupe de prisonniers corses qui fait regner sa loi dans la prison. Le jeune homme apprend vite. Au fil des missions, il s endurcit et gagne la confiance des Corses. Mais, tres vite, Malik utilise toute son intelligence pour developper discretement son propre reseau...', 'FR'),
(24657, 'Le sacrifice', 1986, 8452, 'Drame', 'En Suede, un soir, M. Aleksander, professeur un peu pompeux, fete son anniversaire. Soudain, à la television, le Premier ministre annonce une guerre nucleaire mondiale, la fin de tout.', 'SE'),
(25253, 'Les tontons flingueurs', 1963, 18563, 'Action', 'Sur son lit de mort, le Mexicain fait promettre à son ami d enfance, Fernand Naudin, de veiller sur ses interets et sa fille Patricia. Fernand decouvre alors qu il se trouve à la tete d affaires louches dont les anciens dirigeants entendent bien s emparer. Mais, flanque d un curieux notaire et d un garde du corps, Fernand impose d emblee sa loi. Cependant, le belle Patricia lui reserve quelques surprises !', 'FR'),
(27205, 'Inception', 2010, 525, 'Action', 'Dom Cobb est un voleur experimente, le meilleur dans l art dangereux de l extraction, voler les secrets les plus intimes enfouis au plus profond du subconscient durant une phase de reve, lorsque l esprit est le plus vulnerable. Les capacites de Cobb ont fait des envieux dans le monde tourmente de l espionnage industriel alors qu il devient fugitif en perdant tout ce qu il a un jour aime. Une chance de se racheter lui est alors offerte. Une ultime mission grâce à laquelle il pourrait retrouver sa vie passee mais uniquement s il parvient à accomplir l impossible inception.', 'GB'),
(28384, 'Maris et femmes', 1992, 1243, 'Romance', 'Au cours d une soiree, Jack et Sally annoncent à leurs amis Gabe et Judy Roth leur intention de se separer par consentement mutuel. Seulement, leur grande complicite va devenir un mur insurmontable à cette separation.Gabe et Judy, pour leur part, voient leur couple se defaire au contact de leurs rencontres respectives et du poids de trop de non-dits.', 'US'),
(28971, 'Les feux de la rampe', 1952, 13848, 'Drame', 'Un comique du music-hall dechu se prend d affection pour une jeune danseuse paralysee.', 'US'),
(29084, 'Le Corbeau', 1943, 2559, 'Drame', 'Une petite ville française est frappee d une maladie contagieuse. Des lettres anonymes accusent le docteur Germain d etre l amant de Laura, la femme de l un de ses collegues, le docteur Vorzet. Les lettres portent la signature, enigmatique, du «Corbeau». Les premiers soupçons des principaux concernes se portent sur Denise, la fille de l instituteur chez qui loge Germain, puis sur une jeune perverse, Rolande, et enfin sur Marie Corbin, l assistante de Vorzet. Bientot, pourtant, le «Corbeau» designe tous les notables à la vindicte publique. Qui est-il ? L enquete de la prefecture ne parvient pas à le demasquer...', 'FR'),
(29845, 'Une femme sous influence', 1974, 11147, 'Drame', 'L histoire de Mabel, epouse, mere de famille et femme excentrique etouffee par sa famille et les conventions sociales.', 'US'),
(33665, 'Opening Night', 1977, 11147, 'Drame', 'Une celebre comedienne, Myrtle Gordon, est la vedette d une piece de theâtre dans laquelle elle incarne une femme viellissante. Un soir, elle assiste à la mort d une admiratrice qui tentait de l approcher.', 'US'),
(33701, 'Les Bronzes font du ski', 1979, 37626, 'Comedie', 'Apres le Club Mediterranee, la joyeuse troupe d amis (plus connue sous le nom des Bronzes) se retrouvent aux sports d hiver. Ils vivront encore d autres problemes sentimentaux et mesaventures. L equipe ira meme se perdre en montagne.', 'FR'),
(36557, 'Casino Royale', 2006, 10702, 'Aventure', 'Pour sa premiere mission, James Bond affronte le tout-puissant banquier prive du terrorisme international, Le Chiffre. Pour achever de le ruiner et demanteler le plus grand reseau criminel qui soit, Bond doit le battre lors d une partie de poker à haut risque au Casino Royale. La tres belle Vesper, attachee au Tresor, l accompagne afin de veiller à ce que l agent 007 prenne soin de l argent du gouvernement britannique qui lui sert de mise, mais rien ne va se passer comme prevu. Alors que Bond et Vesper s efforcent d echapper aux tentatives d assassinat du Chiffre et de ses hommes, d autres sentiments surgissent entre eux, ce qui ne fera que les rendre plus vulnerables...', 'IT');

INSERT INTO Film (idFilm, titre, annee, idRealisateur, genre, resume, codePays) VALUES
(37724, 'Skyfall', 2012, 39, 'Action', 'Lorsque la derniere mission de Bond tourne mal, plusieurs agents infiltres se retrouvent exposes dans le monde entier. Le MI6 est attaque, et M est obligee de relocaliser l’Agence. Ces evenements ebranlent son autorite, et elle est remise en cause par Mallory, le nouveau president de l’ISC, le comite charge du renseignement et de la securite. Le MI6 est à present sous le coup d’une double menace, interieure et exterieure. Il ne reste à M qu’un seul allie de confiance vers qui se tourner : Bond. Plus que jamais, 007 va devoir agir dans l’ombre. Avec l’aide d’eve, un agent de terrain, il se lance sur la piste du mysterieux Silva, dont il doit identifier coûte que coûte l’objectif secret et mortel.', 'GB'),
(37799, 'The Social Network', 2010, 7467, 'Drame', 'Un soir d hiver 2003, Mark Zuckerberg, etudiant à Harvard et expert en informatique, s installe devant son ordinateur et se met à travailler avec frenesie sur une nouvelle idee, autour du developpement de programme et de blogs. Ce qui prend forme dans cette chambre ce soir-là deviendra tres vite un reseau communautaire à echelle mondiale et une revolution dans la communication. Seulement six annees et quelques 500 millions d amis plus tard, Mark Zuckerberg est devenu le plus jeune milliardaire de l histoire... Cependant, pour cet entrepreneur, la reussite amene à la fois des complications personnelles et legales.', 'US'),
(40805, 'The Green Hornet', 2011, 201, 'Action', 'Fils du plus grand magnat de la presse de Los Angeles, Britt Reid ne s interesse qu aux fetes auxquelles il compte se rendre. Lorsque son pere meurt mysterieusement, il herite de l immense empire mediatique et devient ami avec l inventif Kato. Pour la premiere fois, ensemble, Britt et Kato voient une chance de donner un vrai sens à leur vie en combattant le crime. Sous l identite du Frelon Vert et de son fidele adjoint, ils entament une nouvelle vie. Faisant appel à son ingeniosite, Kato met au point l arme ultime, la Black Beauty, une voiture indestructible à la formidable puissance. À bord de cette forteresse mobile et grâce à quelques gadgets spectaculaires, le Frelon Vert et Kato font des ravages chez les criminels. Bientot aide par la nouvelle secretaire de Britt, Lenore Case, le duo s attaque à l homme qui controle le crime à Los Angeles : Benjamin Chudnofsky. Le Frelon Vert et les siens ignorent que leur redoutable adversaire les a dejà en ligne de mire...', 'US'),
(42661, 'Les Vikings', 1958, 2087, 'Action', 'Au Xeme siecle, les Vikings sement la terreur sur les cotes d Angleterre. Ragnar, le chef viking, tue le roi et viole la reine. Cette derniere donne naissance à Eric qui sera capture par les Vikings et eleve comme esclave. Devenu adulte, il affronte Einar, le fils de Ragnar, et le defigure en lançant contre lui son faucon. Quelques temps plus tard, Morgana, la future reine d Angleterre, est enlevee par Einar qui cherche à la seduire, mais elle tombe amoureuse d Eric.', 'US'),
(43884, 'La Charge de la brigade legere', 1936, 4109, 'Action', 'Suite à l imminence d un conflit impliquant l Angleterre et la Russie, un officier des Indes est charge de fournir des chevaux en Arabie. Faisant escale à Calcutta pour voir sa fiancee, la garnison est attaquee par le sultan Surat Khan, nouvel allie des Russes...', 'US'),
(44214, 'Black Swan', 2010, 6431, 'Drame', 'Rivalites dans la troupe du New York City Ballet. Nina est prete à tout pour obtenir le role principal du Lac des cygnes que dirige l’ambigu Thomas. Mais elle se trouve bientot confrontee à la belle et sensuelle nouvelle recrue, Lily...', 'US'),
(46738, 'Incendies', 2010, 137427, 'Drame', 'À la lecture du testament de leur mere, Jeanne et Simon Marwan se voient remettre deux enveloppes : l’une destinee à un pere qu’ils croyaient mort et l‘autre à un frere dont ils ignoraient l’existence. Jeanne voit dans cet enigmatique legs la cle du silence de sa mere, enfermee dans un mutisme inexplique les dernieres semaines precedant sa mort. Elle decide immediatement de partir au Moyen Orient exhumer le passe de cette famille dont elle ne sait presque rien… Simon, lui, n’a que faire des caprices posthumes de cette mere qui s’est toujours montree distante. Mais son amour pour sa sœur jumelle le poussera bientot à rejoindre Jeanne et à sillonner avec elle le pays de leurs ancetres sur la piste d’une mere bien loin de celle qu’ils ont connue.', 'CA'),
(47943, 'Harry, un ami qui vous veut du bien', 2000, 18175, 'Drame', 'Les vacances de Claire et Michel s annoncent plutot difficiles. Entre leurs trois enfants, enerves par l infernale canicule qui sevit sur la ville, et cette maison de vacances qui est en chantier depuis cinq ans, le couple est sur les nerfs. C est alors qu Harry debarque inopinement dans leurs vies, pret à tout pour faire le bonheur de son ami Michel, dont il bouleversera l existence.', 'FR'),
(49026, 'The Dark Knight Rises', 2012, 525, 'Action', 'Afin que l image de l ex-procureur Harvey Dent reste un modele du genre pour les citoyens de Gotham City, Batman a endosse les crimes de ce dernier et a ete chasse de la ville par les autorites.  Huit ans plus tard, alors que Gotham City est de nouveau sûre, le commissaire Gordon tombe sur un complot qui vise à detruire la ville de l interieur.  Il fait appel à Batman. Ce dernier devra faire face à la mysterieuse Selina Kyle et à Bane, un adversaire mortel, qui veut mettre en piece le symbole Batman.', 'US'),
(59436, 'Minuit à Paris', 2011, 1243, 'Fantastique', 'Scenariste hollywoodien à succes, Gil vit dans la nostalgie du Paris des annees 1920 et le souci du grand roman qu il ne cesse d ecrire et de peaufiner. Il sejourne precisement à Paris avec Inez, la belle Americaine qu il doit epouser sous la menace permanente de ses beaux-parents, des ultra-conservateurs coinces, et d un vieil ami d universite pedant et hautain. Un soir qu il tente d echapper à cette pesante atmosphere, sur les douze coups de minuit, une mysterieuse automobile le prend à son bord. Le voici propulse dans les annees 1920, avec Hemingway, le couple Fitzgerald, Picasso et la belle Adriana, la maîtresse du peintre espagnol...', 'ES'),
(62215, 'Melancholia', 2011, 42, 'Drame', 'À l occasion de leur mariage, Justine et Michael donnent une somptueuse reception dans la maison de la sœur de Justine et de son beau-frere. Pendant ce temps, la planete Melancholia se dirige vers la Terre...', 'DK'),
(64720, 'Take Shelter', 2011, 71872, 'Thriller', 'Curtis LaForche mene une vie paisible avec sa femme et sa fille quand il devient sujet à de violents cauchemars. La menace d une tornade l obsede. Des visions apocalyptiques envahissent peu à peu son esprit. Son comportement inexplicable fragilise son couple et provoque l incomprehension de ses proches. Rien ne peut en effet vaincre la terreur qui l habite...', 'US'),
(65754, 'Millenium : Les hommes qui n aimaient pas les femmes', 2011, 7467, 'Thriller', 'Mikael Blomkvist, brillant journaliste d’investigation, est engage par un des plus puissants industriels de Suede, Henrik Vanger, pour enqueter sur la disparition de sa niece, Harriet, survenue des annees auparavant. Vanger est convaincu qu’elle a ete assassinee par un membre de sa propre famille. Lisbeth Salander, jeune femme rebelle mais enquetrice exceptionnelle, est chargee de se renseigner sur Blomkvist, ce qui va finalement la conduire à travailler avec lui. Entre la jeune femme perturbee qui se mefie de tout le monde et le journaliste tenace, un lien de confiance fragile va se nouer tandis qu’ils suivent la piste de plusieurs meurtres. Ils se retrouvent bientot plonges au cœur des secrets et des haines familiales, des scandales financiers et des crimes les plus barbares...', 'NO'),
(68718, 'Django Unchained', 2012, 138, 'Drame', 'Dans le sud des etats-Unis, deux ans avant la guerre de Secession, le Dr King Schultz, un chasseur de primes allemand, fait l’acquisition de Django, un esclave qui peut l’aider à traquer les freres Brittle, les meurtriers qu’il recherche. Schultz promet à Django de lui rendre sa liberte lorsqu’il aura capture les Brittle – morts ou vifs.  Alors que les deux hommes pistent les dangereux criminels, Django n’oublie pas que son seul but est de retrouver Broomhilda, sa femme, dont il fut separe à cause du commerce des esclaves…  Lorsque Django et Schultz arrivent dans l’immense plantation du puissant Calvin Candie, ils eveillent les soupçons de Stephen, un esclave qui sert Candie et a toute sa confiance. Le moindre de leurs mouvements est desormais epie par une dangereuse organisation de plus en plus proche… Si Django et Schultz veulent esperer s’enfuir avec Broomhilda, ils vont devoir choisir entre l’independance et la solidarite, entre le sacrifice et la survie…', 'US'),
(70981, 'Prometheus', 2012, 578, 'Science-Fiction', 'Lorsqu Elisabeth Shaw decouvre un mysterieux lien entre plusieurs artefacts au cours de ses recherches, elle est persuadee qu il s agit d un indice remettant en cause l origine de l humanite sur Terre. Une equipe de scientifiques supervisee par Meredith Vickers et l androïde David se lance alors dans un voyage spatial fascinant aux confins de l univers, vers un monde inconnu. Là-bas, un affrontement terrifiant qui decidera de l avenir de l humanite les attends...', 'GB'),
(103731, 'Mud - Sur les rives du Mississippi', 2013, 71872, 'Drame', 'Ellis et Neckbone, 14 ans, decouvrent lors d’une de leurs escapades quotidiennes, un homme refugie sur une île au milieu du Mississipi. C’est Mud: un serpent tatoue sur le bras, un flingue et une chemise porte-bonheur. Mud, c’est aussi un homme qui croit en l’amour, une croyance à laquelle Ellis a desesperement besoin de se raccrocher pour tenter d’oublier les tensions quotidiennes entre ses parents. Tres vite, Mud met les deux adolescents à contribution pour reparer un bateau qui lui permettra de quitter l’île. Difficile cependant pour les garçons de deceler le vrai du faux dans les paroles de Mud. A-t-il vraiment tue un homme, est-il poursuivi par la justice, par des chasseurs de primes? Et qui est donc cette fille mysterieuse qui vient de debarquer dans leur petite ville de l’Arkansas ?', 'US'),
(110415, 'Snowpiercer : Le Transperceneige', 2013, 21684, 'Action', '2031, Une nouvelle ere glaciaire. Les derniers survivants ont pris place à bord du Snowpiercer, un train gigantesque condamne à tourner autour de la Terre sans jamais s’arreter. Dans ce microcosme futuriste de metal fendant la glace, s’est recreee une hierarchie des classes contre laquelle une poignee d’hommes entraînes par l’un d’eux tente de lutter. Car l’etre humain ne changera jamais…', 'CZ'),
(126889, 'Alien : Covenant', 2017, 578, 'Horreur', 'Les membres d’equipage du vaisseau Covenant, à destination d’une planete situee au fin fond de notre galaxie, decouvrent ce qu’ils pensent etre un paradis encore intouche. Il s’agit en fait d’un monde sombre et dangereux, cachant une menace terrible. Ils vont tout tenter pour s’echapper.', 'AU'),
(133919, 'Scenes de la vie conjugale', 1973, 6648, 'Drame', 'Johan et Marianne forment un couple heureux qui etale son bonheur conjugal dans les pages d’un magazine à la mode. Une soiree en compagnie d’un couple d’amis, Peter et Katarina, tourne au pugilat entre leurs deux invites. Marques, Johan et Marianne commencent à se poser des questions sur un bonheur qui est peut-etre factice. Les tensions montent jusqu’à ce que Johan annonce à Marianne qu’il la quitte pour Paula son amante.', 'SE'),
(140607, 'Star Wars : Le Reveil de la Force', 2015, 15344, 'Action', 'Il y a bien longtemps, dans une galaxie lointaine… Luke Skywalker est porte disparu. Le pilote Poe est en mission secrete sur une planete pour le retrouver. Au moment où la diabolique armee Premier Ordre apparaît en detruisant tout sur son passage, il arrive à cacher la position geographique de l ancien maître Jedi dans son droïde BB-8. Capture par les larbins du machiavelique Kylo Ren, Poe est libere par le soldat ennemi Finn qui est en pleine crise existentielle. Pendant ce temps, BB-8 est recueillie par Rey, une pilleuse d epaves qui sera bientot plongee dans une quete qui la depasse.', 'US'),
(146233, 'Prisoners', 2013, 137427, 'Drame', 'Dans la banlieue de Boston, deux fillettes de 6 ans, Anna et Joy, ont disparu. Le detective Loki privilegie la these du kidnapping suite au temoignage de Keller, le pere d’Anna. Le suspect numero 1 est rapidement arrete mais est relâche quelques jours plus tard faute de preuve, entrainant la fureur de Keller. Aveugle par sa douleur, le pere devaste se lance alors dans une course contre la montre pour retrouver les enfants disparus. De son cote, Loki essaie de trouver des indices pour arreter le coupable avant que Keller ne commette l’irreparable… Les jours passent et les chances de retrouver les fillettes s’amenuisent…', 'US'),
(157336, 'Interstellar', 2014, 525, 'Aventure', 'Dans un futur proche, face à une Terre exsangue, un groupe d explorateurs utilise un vaisseau interstellaire pour franchir un trou de ver permettant de parcourir des distances jusque-là infranchissables. Leur but :  trouver un nouveau foyer pour l humanite.', 'GB'),
(181808, 'Star Wars : Les Derniers Jedi', 2017, 67367, 'Fantastique', 'Nouvel episode de la saga.  Les heros du Reveil de la force rejoignent les figures legendaires de la galaxie dans une aventure epique qui revele des secrets ancestraux sur la Force et entraîne de choquantes revelations sur le passe…', 'US'),
(181812, 'Star Wars : L Ascension de Skywalker', 2019, 15344, 'Action', 'La suite de Star Wars, episode VIII : Les Derniers Jedi', 'JO'),
(245703, 'Midnight Special', 2016, 71872, 'Aventure', 'Fuyant d abord des fanatiques religieux et des forces de police, Roy, pere de famille et son fils Alton, se retrouvent bientot les proies d une chasse à l homme à travers tout le pays, mobilisant meme les plus hautes instances du gouvernement federal. En fin de compte, le pere risque tout pour sauver son fils et lui permettre d accomplir son destin. Un destin qui pourrait bien changer le monde pour toujours.', 'US'),
(273481, 'Sicario', 2015, 137427, 'Action', 'La zone frontaliere entre les etats-Unis et le Mexique est devenue un territoire de non-droit. Kate, une jeune recrue idealiste du FBI, y est enrolee pour aider un groupe d’intervention d’elite dirige par un agent du gouvernement dans la lutte contre le trafic de drogues. Menee par un consultant enigmatique l equipe se lance dans un periple clandestin, obligeant Kate à remettre en question ses convictions pour pouvoir survivre.', 'US'),
(281957, 'The Revenant', 2015, 223, 'Western', 'Dans une Amerique profondement sauvage, le trappeur Hugh Glass est severement blesse et laisse pour mort par un traître de son equipe, John Fitzgerald. Avec sa seule volonte pour unique arme, Glass doit affronter un environnement hostile, un hiver brutal et des tribus guerrieres, dans une inexorable lutte pour sa survie, portee par un intense desir de vengeance. [ le film est le remake de :  Le Convoi sauvage (1971)  ]', 'CA'),
(334541, 'Manchester by the Sea', 2016, 30711, 'Drame', 'Apres le deces soudain de son frere Joe, Lee est designe comme le tuteur de son neveu Patrick. Il se retrouve confronte à un passe tragique qui l’a separe de sa femme Randi et de la communaute où il est ne et a grandi.', 'US'),
(335984, 'Blade Runner 2049', 2017, 137427, 'Science-Fiction', 'En 2049, la societe est fragilisee par les nombreuses tensions entre les humains et leurs esclaves crees par bioingenierie. L’officier K est un Blade Runner : il fait partie d’une force d’intervention d’elite chargee de trouver et d’eliminer ceux qui n’obeissent pas aux ordres des humains. Lorsqu’il decouvre un secret enfoui depuis longtemps et capable de changer le monde, les plus hautes instances decident que c’est à son tour d’etre traque et elimine. Son seul espoir est de retrouver Rick Deckard, un ancien Blade Runner qui a disparu depuis des decennies...', 'CA'),
(337674, 'Elle', 2016, 10491, 'Drame', 'Michele fait partie de ces femmes que rien ne semble atteindre. À la tete d une grande entreprise de jeux video, elle gere ses affaires comme sa vie sentimentale : d une main de fer. Sa vie bascule lorsqu’elle est agressee chez elle par un mysterieux inconnu. Inebranlable, Michele se met à le traquer en retour. Un jeu etrange s installe alors entre eux. Un jeu qui, à tout instant, peut degenerer.', 'BE'),
(343702, 'Comme un avion', 2015, 21769, 'Comedie', 'Michel, la cinquantaine, est passionne depuis toujours par les avions. Un jour, il tombe en arret devant des photos de kayak qui lui font penser à un avion. C est le coup de foudre. En cachette de sa femme, il achete un kayak et part sur une jolie riviere inconnue.', 'FR'),
(359940, '3 Billboards - Les Panneaux de la vengeance', 2017, 54472, 'Crime', 'Apres des mois sans que l enquete sur la mort de sa fille ait avance, Mildred Hayes prend les choses en main, affichant un message controverse visant le tres respecte chef de la police sur trois grands panneaux à l entree de leur ville.', 'GB'),
(375262, 'La Favorite', 2018, 122423, 'Drame', 'Debut du XVIIIeme siecle. L’Angleterre et la France sont en guerre. Toutefois, à la cour, la mode est aux courses de canards et à la degustation d’ananas. La reine Anne, à la sante fragile et au caractere instable, occupe le trone tandis que son amie Lady Sarah gouverne le pays à sa place. Lorsqu’une nouvelle servante, Abigail Hill, arrive à la cour, Lady Sarah la prend sous son aile, pensant qu’elle pourrait etre une alliee. Abigail va y voir l’opportunite de renouer avec ses racines aristocratiques. Alors que les enjeux politiques de la guerre absorbent Sarah, Abigail quant à elle parvient à gagner la confiance de la reine et devient sa nouvelle confidente. Cette amitie naissante donne à la jeune femme l’occasion de satisfaire ses ambitions, et elle ne laissera ni homme, ni femme, ni politique, ni meme un lapin se mettre en travers de son chemin.', 'IE'),
(377275, 'Victoria', 2016, 1175620, 'Comedie', 'Victoria Spick, avocate penaliste en plein neant sentimental, debarque à un mariage où elle y retrouve son ami Vincent et Sam, un ex-dealer qu’elle a sorti d’affaire. Le lendemain, Vincent est accuse de tentative de meurtre par sa compagne. Seul temoin de la scene, le chien de la victime.  Victoria accepte à contrecœur de defendre Vincent tandis qu elle embauche Sam comme jeune homme au pair. Le debut d’une serie de cataclysmes pour Victoria.', 'FR'),
(419430, 'Get Out', 2017, 291263, 'Mystere', 'Couple mixte, Chris et sa petite amie Rose  filent le parfait amour. Le moment est donc venu de rencontrer la belle famille, Missy et Dean lors d’un week-end sur leur domaine dans le nord de l’etat. Chris commence par penser que l’atmosphere tendue est liee à leur difference de couleur de peau, mais tres vite une serie d’incidents de plus en plus inquietants lui permet de decouvrir l’inimaginable.', 'US'),
(429197, 'Vice', 2018, 55710, 'Drame', 'Fin connaisseur des arcanes de la politique americaine, Dick Cheney a reussi, sans faire de bruit, à se faire elire vice-president aux cotes de George W. Bush. Devenu l’homme le plus puissant du pays, il a largement contribue à imposer un nouvel ordre mondial dont on sent encore les consequences aujourd’hui…', 'US'),
(451657, 'Jusqu à la garde', 2018, 19077, 'Drame', 'Le couple Besson divorce. Pour proteger son fils d’un pere qu’elle accuse de violences, Miriam en demande la garde exclusive. La juge en charge du dossier accorde une garde partagee au pere qu’elle considere bafoue. Pris en otage entre ses parents, Julien va tout faire pour empecher que le pire n’arrive.', 'FR'),
(453352, 'Une vie violente', 2017, 550418, 'Drame', 'Malgre la menace de mort qui pese sur sa tete, Stephane decide de retourner en Corse pour assister à l enterrement de Christophe, son ami d enfance et compagnon de lutte, assassine la veille. C’est l’occasion pour lui de se rappeler les evenements qui l’ont vu passer, petit bourgeois cultive de Bastia, de la delinquance au radicalisme politique et du radicalisme politique à la clandestinite.', 'FR'),
(484482, 'Le grand bain', 2018, 54291, 'Comedie', 'C’est dans les couloirs de leur piscine municipale que Bertrand, Marcus, Simon, Laurent, Thierry et les autres s’entraînent sous l’autorite toute relative de Delphine, ancienne gloire des bassins. Ensemble, ils se sentent libres et utiles. Ils vont mettre toute leur energie dans une discipline jusque-là propriete de la gent feminine : la natation synchronisee. Alors, oui c’est une idee plutot bizarre, mais ce defi leur permettra de trouver un sens à leur vie…', 'BE'),
(485162, 'En guerre', 2018, 7288, 'Drame', 'Malgre de lourds sacrifices financiers de la part des salaries et un benefice record de leur entreprise, la direction de l’usine Perrin Industrie decide neanmoins la fermeture totale du site. Accords bafoues, promesses non respectees : les 1100 salaries, emmenes par leur porte‑parole Laurent Amedeo, refusent cette decision brutale et vont tout tenter pour sauver leur emploi.', 'FR'),
(485166, 'Amanda', 2018, 931581, 'Drame', 'Paris, de nos jours. David, la vingtaine, vit au present. Il jongle entre differents petits boulots et recule, pour un temps encore, l heure de choix plus engageants. Solitaire et reveur, il tombe sous le charme de Lena, une voisine fraîchement debarquee. Le cours tranquille des choses vole en eclat quand sa sœur aînee meurt brutalement dans un attentat. Il se retrouve alors en charge de sa jeune niece de sept ans, Amanda.', 'FR'),
(490132, 'Green Book : Sur les routes du sud', 2018, 7396, 'Drame', 'En 1962, alors que regne la segregation, Tony Lip (Viggo Mortensen), un videur italo-americain du Bronx, est engage pour conduire et proteger le Dr Don Shirley (Mahershala Ali), un pianiste noir de renommee mondiale, lors d’une tournee de concerts. Durant leur periple de Manhattan jusqu’au Sud profond, ils s’appuient sur le Green Book pour denicher les etablissements accueillant les personnes de couleur, où l’on ne refusera pas de servir Shirley et où il ne sera ni humilie ni maltraite.  Dans un pays où le mouvement des droits civiques commence à se faire entendre, les deux hommes vont etre confrontes au pire de l’âme humaine, dont ils se guerissent grâce à leur generosite et leur humour. Ensemble, ils vont devoir depasser leurs prejuges, oublier ce qu’ils consideraient comme des differences insurmontables, pour decouvrir leur humanite commune.', 'US'),
(496243, 'Parasite', 2019, 21684, 'Drame', 'Toute la famille de Ki-taek est au chomage. Elle s’interesse particulierement au train de vie de la richissime famille Park. Mais un incident se produit et les 2 familles se retrouvent melees, sans le savoir, à une bien etrange histoire…', 'KR');




INSERT INTO Role (idFilm, idActeur, nomRole) VALUES
(11, 2, 'Luke Skywalker'),
(1891, 2, 'Luke Skywalker'),
(1892, 2, 'Luke Skywalker'),
(181808, 2, 'Luke Skywalker / Dobbu Scay (voice)'),
(11, 3, 'Han Solo'),
(78, 3, 'Rick Deckard'),
(85, 3, 'Indiana Jones'),
(87, 3, 'Indiana Jones'),
(89, 3, 'Indiana Jones'),
(592, 3, 'Martin Stett'),
(838, 3, 'Bob Falfa'),
(1891, 3, 'Han Solo'),
(1892, 3, 'Han Solo'),
(5503, 3, 'Dr. Kimble'),
(9281, 3, 'Det. Capt. John Book'),
(10675, 3, 'Dr. Richard Walker'),
(140607, 3, 'Han Solo'),
(335984, 3, 'Rick Deckard'),
(11, 4, 'Princess Leia Organa'),
(1891, 4, 'Princess Leia'),
(1892, 4, 'Princess Leia'),
(140607, 4, 'General Leia Organa'),
(181808, 4, 'General Leia Organa'),
(11, 5, 'Grand Moff Tarkin'),
(11, 6, 'C-3PO'),
(1891, 6, 'C-3PO'),
(1892, 6, 'C-3PO'),
(1895, 6, 'C-3PO'),
(103, 13, 'Tom'),
(857, 31, 'Captain John H. Miller'),
(65754, 32, 'Erika Berger'),
(335984, 32, 'Lt. Joshi'),
(3766, 40, 'Michael O Hara'),
(59, 49, 'Edie Stall'),
(146233, 49, 'Grace Dover'),
(649, 50, 'Severine Serizy'),
(1716, 50, 'Marion Steiner'),
(2433, 50, 'Delphine Garnier'),
(180, 53, 'Dr. Solomon Eddie'),
(275, 53, 'Gaear Grimsrud'),
(562, 62, 'John McClane'),
(680, 62, 'Butch Coolidge'),
(1571, 62, 'John McClane'),
(1572, 62, 'John McClane'),
(1573, 62, 'John McClane'),
(155, 64, 'James Gordon'),
(272, 64, 'Jim Gordon'),
(6114, 64, 'Dracula'),
(49026, 64, 'James Gordon'),
(348, 65, 'Ash'),
(184, 66, 'Beaumont Livingston'),
(266, 68, 'Himself'),
(2668, 85, 'Ichabod Crane'),
(680, 99, 'Honey Bunny'),
(38, 103, 'Stan Fink'),
(1538, 103, 'Det. Ray Fanning'),
(59, 110, 'Tom Stall'),
(2252, 110, 'Nikolai Luzhin'),
(490132, 110, 'Frank Tony Lip Vallelonga'),
(1164, 112, 'Susan Jones'),
(1894, 113, 'Count Dooku'),
(11, 130, 'R2-D2'),
(142, 131, 'Jack Twist'),
(146233, 131, 'Detective Loki'),
(1538, 134, 'Max Durocher'),
(8489, 134, 'Drew  Bundini  Brown'),
(68718, 134, 'Django Freeman'),
(500, 138, 'Mr. Brown'),
(680, 138, 'Jimmie Dimmick'),
(24, 139, 'Beatrix The Bride Kiddo'),
(393, 139, 'Beatrix The Bride Kiddo'),
(680, 139, 'Mia Wallace'),
(24, 140, 'O-Ren Ishii'),
(393, 140, 'O-Ren Ishii'),
(24, 141, 'Bill'),
(393, 141, 'Bill'),
(24, 147, 'Budd'),
(393, 147, 'Budd'),
(500, 147, 'Mr. Blonde / Vic Vega'),
(1541, 147, 'Jimmy Lennox'),
(33, 190, 'Bill Munny'),
(429, 190, 'Blondie'),
(33, 192, 'Ned Logan'),
(807, 192, 'Detective Lt. William Somerset'),
(33, 193, 'Little Bill Daggett'),
(592, 193, 'Harry Caul'),
(33, 194, 'English Bob'),
(98, 194, 'Marcus Aurelius'),
(38, 204, 'Clementine Kruczynski'),
(597, 204, 'Rose DeWitt Bukater'),
(4584, 204, 'Marianne Dashwood'),
(38, 205, 'Mary Svevo'),
(557, 205, 'Mary Jane Watson'),
(558, 205, 'Mary Jane Watson'),
(559, 205, 'Mary Jane Watson'),
(1443, 205, 'Lux Lisbon'),
(62215, 205, 'Justine'),
(245703, 205, 'Sarah Tomlin'),
(38, 206, 'Joel Barish'),
(272, 207, 'Carmine Falcone'),
(4584, 207, 'Mr. Dashwood'),
(11439, 207, 'Paul Emmett'),
(59, 225, 'Jack Stall'),
(59, 226, 'Sarah Stall'),
(59, 227, 'Richie Cusack'),
(8217, 227, 'Doug Tate'),
(110415, 228, 'Minister Wilford'),
(62, 245, 'Dr. David Bowman'),
(62, 246, 'Dr. Frank Poole'),
(62, 247, 'Dr. Heywood Floyd'),
(62, 248, 'Moonwatcher'),
(62, 253, 'HAL 9000 (voice)'),
(1164, 258, 'Santiago'),
(550, 287, 'Tyler Durden'),
(807, 287, 'Detective David Mills'),
(1164, 287, 'Richard Jones'),
(1541, 287, 'J.D.'),
(16869, 287, 'First Lieutenant Aldo The Apache Raine'),
(9361, 289, 'Cora Munro'),
(983, 290, 'Rudyard Kipling'),
(9008, 290, 'Mike Wallace'),
(65754, 290, 'Henrik Vanger'),
(64720, 335, 'Curtis LaForche'),
(245703, 335, 'Roy Tomlin'),
(274, 349, 'Jack Crawford'),
(28384, 351, 'Sally'),
(103731, 368, 'Juniper'),
(103, 380, 'Travis Bickle'),
(184, 380, 'Louis Gara'),
(240, 380, 'Don Vito Corleone'),
(524, 380, 'Sam  Ace  Rothstein'),
(769, 380, 'James Conway'),
(949, 380, 'Neil McCauley'),
(11778, 380, 'Michael Vronsky'),
(180, 500, 'Chief John Anderton'),
(345, 500, 'Dr. William  Bill  Harford'),
(1538, 500, 'Vincent'),
(510, 514, 'Randle Patrick McMurphy'),
(694, 514, 'Jack Torrance'),
(829, 514, 'Jake Gittes'),
(11439, 517, 'Adam Lang'),
(510, 518, 'Martini'),
(1893, 524, 'Padme Amidala'),
(1894, 524, 'Padme Amidala'),
(1895, 524, 'Padme Amidala'),
(44214, 524, 'Nina Sayers'),
(9281, 526, 'Samuel Lapp'),
(77, 529, 'Leonard Shelby'),
(70981, 529, 'Peter Weyland'),
(77, 530, 'Natalie'),
(603, 530, 'Trinity'),
(604, 530, 'Trinity'),
(77, 532, 'John Edward Teddy Gammell'),
(603, 532, 'Cypher'),
(5503, 532, 'Cosmo Renfro'),
(77, 534, 'Burt'),
(77, 537, 'Samuel R. Sammy Jankis'),
(1541, 537, 'Max'),
(77, 538, 'Mrs. Jankis'),
(78, 585, 'Roy Batty'),
(78, 586, 'Rachael'),
(78, 587, 'Gaff'),
(78, 588, 'Bryant'),
(11368, 588, 'Loren Visser'),
(24, 589, 'Elle Driver'),
(393, 589, 'Elle Driver'),
(85, 650, 'Marion Ravenwood'),
(85, 652, 'Dr. Rene Belloq'),
(85, 653, 'Major Arnold Toht'),
(85, 655, 'Sallah'),
(89, 655, 'Sallah'),
(89, 656, 'Dr. Marcus Brody'),
(558, 658, 'Dr. Otto Octavius / Doctor Octopus'),
(85, 659, 'Colonel Dietrich'),
(85, 660, 'Gobler'),
(87, 689, 'Willie Scott'),
(87, 690, 'Short Round'),
(87, 691, 'Mola Ram'),
(87, 693, 'Chattar Lal'),
(87, 694, 'Captain Blumburtt'),
(87, 695, 'Lao Che'),
(89, 738, 'Professor Henry Jones'),
(192, 738, 'William of Baskerville'),
(983, 738, 'Daniel Dravot'),
(89, 739, 'Dr. Elsa Schneider'),
(89, 740, 'Walter Donovan'),
(89, 741, 'Indiana Jones (young)'),
(861, 780, 'Vilos Cohaagen'),
(5548, 780, 'Dick Jones'),
(10669, 780, 'Drew Ballinger'),
(65754, 782, 'Dirch Frode'),
(550, 819, 'The Narrator'),
(426, 854, 'Det. John  Scottie  Ferguson'),
(567, 854, 'L.B. Jefferies'),
(574, 854, 'Dr. Ben McKenna'),
(33665, 856, 'Manny Victor'),
(275, 884, 'Carl Showalter'),
(500, 884, 'Mr. Pink'),
(59436, 887, 'Gil'),
(387, 920, 'Kapitän-Leutnant Heinrich Lehmann-Willenbrock'),
(98, 934, 'Maximus Decimus Meridius'),
(9008, 934, 'Jeffrey Wigand'),
(98, 935, 'Lucilla'),
(98, 936, 'Antonius Proximo'),
(98, 937, 'Senator Gracchus:'),
(98, 938, 'Juba'),
(36557, 1019, 'Le Chiffre'),
(103, 1036, 'Betsy'),
(103, 1037, ' Sport  Matthew'),
(500, 1037, 'Mr. White / Larry Dimmick'),
(680, 1037, 'Wolf'),
(1541, 1037, 'Investigator Hal Slocumb'),
(12143, 1037, 'Lieutenant'),
(103, 1038, 'Iris Steensma'),
(274, 1038, 'Clarice M. Starling'),
(218, 1100, 'The Terminator'),
(861, 1100, 'Douglas Quaid/Hauser'),
(629, 1121, 'Fred Fenster'),
(273481, 1121, 'Alejandro Gillick'),
(238, 1158, 'Michael Corleone'),
(240, 1158, 'Don Michael Corleone'),
(242, 1158, 'Don Michael Corleone'),
(949, 1158, 'Lt. Vincent Hanna'),
(968, 1158, 'Sonny Wortzik'),
(6075, 1158, 'Carlito Brigante'),
(9008, 1158, 'Lowell Bergman'),
(192, 1164, 'Bernardo Gui'),
(10935, 1229, 'John L. Bridges'),
(330, 1231, 'Dr. Sarah Harding'),
(5503, 1231, 'Dr. Anne Eastman'),
(512, 1243, 'Sid Waterman'),
(696, 1243, 'Isaac Davis'),
(703, 1243, 'Alvy Singer'),
(28384, 1243, 'Prof. Gabriel  Gabe  Roth'),
(116, 1244, 'Chris Wilton'),
(116, 1245, 'Nola Rice'),
(153, 1245, 'Charlotte'),
(512, 1245, 'Sondra Pransky'),
(116, 1246, 'Chloe Hewett Wilton'),
(116, 1248, 'Alec Hewett'),
(116, 1249, 'Eleanor Hewett'),
(838, 1270, 'Terry  The Toad  Fields'),
(242, 1271, 'Don Vincent  Vinnie  Mancini-Corleone'),
(550, 1283, 'Marla Singer'),
(603, 1331, 'Agent Smith'),
(604, 1331, 'Agent Smith'),
(146, 1339, 'Jen Yu'),
(10935, 1370, 'Mr. Eggleston'),
(180, 1462, 'Gideon'),
(968, 1466, 'Det. Sgt. Eugene Moretti'),
(64720, 1472, 'Kyle'),
(153, 1532, 'Bob Harris'),
(155, 1579, 'Rachel Dawes'),
(146, 1619, 'Master Li Mu Bai'),
(10835, 1619, 'Jeff'),
(146, 1620, 'Yu Shu Lien'),
(146, 1622, 'Lo Dark Cloud'),
(146, 1623, 'Sir Te'),
(146, 1624, 'Jade Fox'),
(146, 1625, 'Governor Yu'),
(145, 1639, 'Bess McNeill'),
(145, 1640, 'Jan Nyman'),
(65754, 1640, 'Martin Vanger'),
(145, 1641, 'Dodo McNeill'),
(145, 1642, 'Terry'),
(145, 1643, 'Dr. Richardson'),
(840, 1650, 'Claude Lacombe'),
(147, 1653, 'Antoine Doinel'),
(147, 1654, 'Gilberte Doinel'),
(147, 1655, 'Julien Doinel'),
(147, 1658, 'Mr. Bigey'),
(147, 1659, 'Rene'),
(68718, 1736, 'Butch Pooch / Ace Speck'),
(242, 1769, 'Mary Corleone'),
(153, 1771, 'John'),
(857, 1771, 'T-Medic Irwin Wade'),
(142, 1810, 'Ennis Del Mar'),
(155, 1810, 'Joker'),
(142, 1811, 'Joe Aguirre'),
(142, 1812, 'Alma Beers'),
(334541, 1812, 'Randi'),
(142, 1813, 'Lureen Newsome'),
(49026, 1813, 'Selina Kyle / Catwoman'),
(157336, 1813, 'Dr. Amelia Brand'),
(490132, 1817, 'Dolores Vallelonga'),
(218, 1818, 'Lieutenant Ed Traxler'),
(16869, 1844, 'Sergeant Hugo Stiglitz'),
(157336, 1893, 'Tom Cooper'),
(334541, 1893, 'Lee Chandler'),
(773, 1903, 'Edwin Hoover'),
(6114, 1920, 'Mina Murray / Elisabeta'),
(44214, 1920, 'Beth MacIntyre'),
(2252, 1925, 'Kirill'),
(44214, 1925, 'Thomas Leroy'),
(4808, 1932, 'Regina Lampert'),
(539, 1936, 'Det. Milton Arbogast'),
(891, 1936, 'Howard Simons'),
(597, 1954, 'Caledon  Cal  Hockley'),
(11183, 1972, 'Christiane'),
(33701, 1972, 'Christiane'),
(629, 1979, 'Roger  Verbal  Kint'),
(272, 2037, 'Dr. Jonathan Crane'),
(27205, 2037, 'Robert Fischer'),
(37724, 2038, 'Eve Moneypenny'),
(967, 2090, 'Spartacus'),
(975, 2090, 'Col. Dax'),
(42661, 2090, 'Einar'),
(213, 2091, 'Phillip Vandamm'),
(289, 2094, 'Ugarte'),
(832, 2094, 'Hans Beckert'),
(3766, 2097, 'Sidney Broome'),
(11439, 2109, 'Amelia Bly'),
(5548, 2115, 'Clarence Boddicker'),
(563, 2133, 'Dizzy Flores'),
(5503, 2176, 'Samuel Gerard'),
(6977, 2176, 'Sheriff Ed Tom Bell'),
(8053, 2176, 'Pete Perkins'),
(629, 2179, 'Edie Finneran'),
(2817, 2192, 'Marc Duveyrier'),
(180, 2201, 'Director Lamar Burgess'),
(11963, 2201, 'G. Joubert'),
(180, 2206, 'Agatha'),
(180, 2207, 'Dr. Iris Hineman'),
(557, 2219, 'Peter Parker / Spider-Man'),
(558, 2219, 'Peter Parker / Spider-Man'),
(559, 2219, 'Peter Parker / Spider-Man'),
(192, 2224, 'Adso of Melk'),
(9208, 2224, 'Capt. Riley Hale'),
(345, 2226, 'Victor Ziegler'),
(28384, 2226, 'Jack'),
(345, 2227, 'Alice Harford'),
(6075, 2228, 'David Kleinfeld'),
(419430, 2229, 'Missy Armitage'),
(184, 2230, 'Jackie Brown'),
(184, 2231, 'Ordell Robbie'),
(393, 2231, 'Rufus'),
(680, 2231, 'Jules Winfield'),
(1572, 2231, 'Zeus Carver'),
(1894, 2231, 'Mace Windu'),
(1895, 2231, 'Mace Windu'),
(68718, 2231, 'Stephen'),
(184, 2232, 'Ray Nicolette'),
(184, 2233, 'Melanie Ralston'),
(242, 2233, 'Grace Hamilton'),
(184, 2234, 'Mark Dargus'),
(3175, 2264, 'The Chevalier de Balibari'),
(424, 2282, 'Itzhak Stern'),
(29845, 2314, 'Nick Longhetti'),
(680, 2319, 'Fabienne'),
(192, 2367, 'Remigio da Varagine'),
(192, 2368, 'Severinus'),
(192, 2369, 'The Abbot'),
(192, 2370, 'Malachia'),
(10675, 2413, 'Wino'),
(1985, 2440, 'Sir Bernard Pellegrin'),
(512, 2449, 'Mike Tinsley'),
(27205, 2524, 'Zak Eames'),
(49026, 2524, 'Bane'),
(281957, 2524, 'John Fitzgerald'),
(24, 2535, 'Vernita Green'),
(24, 2536, 'Earl McGraw'),
(393, 2536, 'Esteban Vihaio'),
(24, 2537, 'Hattori Hanzo'),
(24, 2538, 'Gogo Yubari'),
(24, 2539, 'Sofie Fatale'),
(9558, 2561, 'Roy Bishop'),
(12143, 2561, 'Beat Cop'),
(11657, 2565, 'Jansen'),
(62215, 2628, 'John'),
(213, 2638, 'Roger O. Thornhill'),
(303, 2638, 'T.R. Devlin'),
(4808, 2638, 'Peter Joshua aka Alexander Dyle aka Adam Canfield aka Bryan Cruikshank'),
(11462, 2638, 'John D.  Johnnie  Aysgarth'),
(213, 2639, 'Eve Kendall'),
(213, 2641, 'Leonard'),
(213, 2642, 'The Professor'),
(845, 2642, 'Senator Morton'),
(218, 2712, 'Kyle Reese'),
(218, 2713, 'Sarah Connor'),
(218, 2714, 'Detective Vukovich'),
(8489, 2888, 'Muhammad Ali / Cassius Clay'),
(8489, 2954, 'Howard Bingham'),
(36557, 2954, 'Felix Leiter'),
(754, 2963, 'Castor Troy'),
(500, 2969, 'Nice Guy Eddie Cabot'),
(28, 2975, 'Tyrone  Clean  Miller'),
(603, 2975, 'Morpheus'),
(604, 2975, 'Morpheus'),
(9558, 2975, 'Jimmy Jump'),
(37799, 2978, 'Divya Narendra'),
(289, 3001, 'Major Heinrich Strasser'),
(11368, 3017, 'Meurice'),
(578, 3037, 'Matt Hooper'),
(838, 3037, 'Curt Henderson'),
(840, 3037, 'Roy Neary'),
(861, 3041, 'George/Kuato'),
(773, 3051, 'Sheryl Hoover'),
(1893, 3061, 'Obi-Wan Kenobi'),
(1894, 3061, 'Obi-Wan Kenobi'),
(1895, 3061, 'Obi-Wan Kenobi'),
(11439, 3061, 'The Ghost'),
(110415, 3063, 'Minister Mason'),
(28, 3084, 'Colonel Walter E. Kurtz'),
(238, 3084, 'Don Vito Corleone'),
(238, 3085, 'Santino  Sonny  Corleone'),
(238, 3086, 'Pete Clemenza'),
(28, 3087, 'Lieutenant Colonel Bill Kilgore'),
(238, 3087, 'Tom Hagen'),
(240, 3087, 'Tom Hagen'),
(238, 3088, 'Capt. Mark McCluskey'),
(247, 3088, 'Johnny Clay'),
(238, 3090, 'Emilio Barzini'),
(240, 3092, 'Kay Corleone'),
(242, 3092, 'Kay Adams Michelson'),
(696, 3092, 'Mary Wilkie'),
(703, 3092, 'Annie Hall'),
(15867, 3092, 'Renata'),
(240, 3094, 'Connie Corleone'),
(242, 3094, 'Connie Corleone-Rizzi'),
(240, 3096, 'Fredo Corleone'),
(592, 3096, 'Stan'),
(968, 3096, 'Salvatore  Sal  Naturale'),
(11778, 3096, 'Stan'),
(500, 3129, 'Mr. Orange / Freddy Newandyke'),
(680, 3129, 'Pumpkin'),
(12143, 3137, 'Cop #1'),
(238, 3142, 'Jack Woltz'),
(239, 3149, 'Sugar Kane Kowalczyk'),
(239, 3150, 'Joe (Josephine)'),
(42661, 3150, 'Eric'),
(239, 3151, 'Jerry (Daphne)'),
(239, 3152, 'Spats Colombo'),
(239, 3155, 'Det. Mulligan'),
(240, 3171, 'Hyman Roth'),
(240, 3172, 'Frankie Pentangeli'),
(240, 3173, 'Senator Pat Geary'),
(240, 3174, 'Al Neri'),
(28384, 3196, 'Rain'),
(857, 3197, 'Technical Sergeant Michael Horvath'),
(949, 3197, 'Michael Cheritto'),
(9361, 3203, 'Chingachgook'),
(500, 3206, 'Officer Marvin Nash'),
(330, 3229, 'Peter Ludlow'),
(242, 3265, 'Don Altobello'),
(429, 3265, 'Tuco'),
(242, 3266, 'Joey Zasa'),
(8217, 3266, 'Joe'),
(242, 3267, 'B.J. Harrison'),
(242, 3268, 'Cardinal Lamberto'),
(4584, 3291, 'Edward Ferrars'),
(375262, 3292, 'Robert Harley, Earl of Oxford'),
(1985, 3293, 'Tessa Quayle'),
(375262, 3293, 'Sarah Churchill, Lady Marlborough'),
(247, 3336, 'Fay'),
(247, 3337, 'Val Cannon'),
(247, 3338, 'Marvin Unger'),
(247, 3339, 'George Peatty'),
(223, 3359, ' Maxim  de Winter'),
(967, 3359, 'Marcus Licinius Crassus'),
(223, 3360, 'Mrs. de Winter (2nd)'),
(11462, 3360, 'Lina McLaidlaw Aysgarth'),
(223, 3361, 'Jack Favell'),
(223, 3362, 'Mrs. Danvers'),
(223, 3363, 'Major Giles Lacy'),
(11462, 3363, 'Gordon Cochrane  Beaky  Thwaite'),
(28971, 3363, 'Postant, an Impresario'),
(43884, 3363, 'Sir Benjamin Warrenton'),
(223, 3364, 'Frank Crawley'),
(3767, 3381, 'Johnny Farrell'),
(1443, 3391, 'Mrs. Lisbon'),
(1018, 3489, 'Betty Elms / Diane Selwyn'),
(2252, 3489, 'Anna Ivanova Khitrova'),
(423, 3490, 'Wladyslaw Szpilman'),
(423, 3491, 'Captain Wilm Hosenfeld'),
(334541, 3497, 'Joe Chandler'),
(266, 3540, 'Cameraman'),
(3053, 3556, 'Alfred, Assistent des Professors'),
(269, 3573, 'Police Inspector Vital'),
(33, 3710, 'The Schofield Kid'),
(33, 3711, 'Delilah Fitzgerald'),
(33, 3712, 'W.W. Beauchamp'),
(597, 3713, 'Ruth Dewitt Bukater'),
(266, 3783, 'Camille Javal'),
(266, 3784, 'Paul Javal'),
(649, 3784, 'Henri Husson'),
(2433, 3784, 'Simon Dame'),
(266, 3785, 'Jeremy Prokosch'),
(266, 3786, 'Francesca Vanini'),
(1891, 3799, 'Lando Calrissian'),
(1892, 3799, 'Lando Calrissian'),
(6977, 3810, 'Anton Chigurh'),
(37724, 3810, 'Silva'),
(269, 3829, 'Michel Poiccard / László Kovács'),
(2786, 3829, 'Ferdinand-Pierrot'),
(4034, 3829, 'Adrien Dufourquet'),
(269, 3830, 'Patricia Franchini'),
(24657, 3857, 'Otto'),
(16869, 3872, 'Private First Class Fredrick Zoller'),
(155, 3894, 'Bruce Wayne / Batman'),
(272, 3894, 'Bruce Wayne / Batman'),
(49026, 3894, 'Bruce Wayne / Batman'),
(429197, 3894, 'Dick Cheney'),
(155, 3895, 'Alfred Pennyworth'),
(272, 3895, 'Alfred'),
(983, 3895, 'Peachy Carnehan'),
(49026, 3895, 'Alfred Pennyworth'),
(157336, 3895, 'Professor John Brand'),
(272, 3896, 'Ducard'),
(424, 3896, 'Oskar Schindler'),
(1893, 3896, 'Qui-Gon Jinn'),
(272, 3897, 'Rachel Dawes'),
(27205, 3899, 'Mr. Saito'),
(275, 3905, 'Jerry Lundegaard'),
(275, 3906, 'Jean Lundegaard'),
(275, 3910, 'Marge Gunderson'),
(11368, 3910, 'Abby'),
(359940, 3910, 'Mildred Hayes'),
(37724, 3926, 'Kincade'),
(59436, 3968, 'Paul'),
(1541, 4038, 'Louise Elizabeth Sawyer'),
(567, 4070, 'Lisa Carol Fremont'),
(429, 4078, 'Sentenza/Angel Eyes'),
(996, 4091, 'Walter Neff'),
(289, 4110, 'Rick Blaine'),
(289, 4111, 'Ilsa Lund'),
(303, 4111, 'Alicia Huberman'),
(289, 4112, 'Victor Laszlo'),
(289, 4113, 'Captain Louis Renault'),
(303, 4113, 'Alexander Sebastian'),
(289, 4114, 'Signor Ferrari'),
(606, 4135, 'Denys George Finch Hatton'),
(891, 4135, 'Bob Woodward'),
(11963, 4135, 'Joseph Turner'),
(348, 4139, 'Arthur Koblenz Dallas'),
(274, 4173, 'Dr. Hannibal Lecter'),
(1955, 4173, 'Dr. Frederick Treves'),
(6114, 4173, 'Professor Van Helsing'),
(10675, 4251, 'Williams'),
(62215, 4273, 'Claire'),
(303, 4342, 'Madame Anna Sebastian'),
(303, 4343, 'Captain Paul Prescott'),
(524, 4430, 'Ginger McKenna'),
(861, 4430, 'Lori'),
(1541, 4443, 'Darryl Dickinson'),
(891, 4483, 'Carl Bernstein'),
(773, 4495, 'Frank Ginsberg'),
(429197, 4495, 'Donald Rumsfeld'),
(524, 4512, 'Lester Diamond'),
(1443, 4512, 'Mr. Lisbon'),
(524, 4517, 'Nicky Santoro'),
(769, 4517, 'Tommy DeVito'),
(562, 4566, 'Hans Gruber'),
(4584, 4566, 'Col. Christopher Brandon'),
(680, 4690, 'Captain Koons'),
(9558, 4690, 'Frank White'),
(10935, 4690, 'Nathan D. Champion'),
(11778, 4690, 'Nikanor Nick Chevotarevich'),
(891, 4765, 'Ben Bradlee'),
(696, 4776, 'Yale'),
(840, 4778, 'Jillian Guiler'),
(329, 4783, 'Dr. Alan Grant'),
(329, 4784, 'Dr. Ellie Sattler'),
(329, 4785, 'Dr. Ian Malcolm'),
(330, 4785, 'Dr. Ian Malcolm'),
(9426, 4785, 'Seth Brundle'),
(329, 4786, 'John Hammond'),
(330, 4786, 'John Hammond'),
(329, 4789, 'Robert Muldoon'),
(329, 4790, 'Donald Gennaro'),
(10889, 4800, 'Gloria Swenson'),
(29845, 4800, 'Mabel Longhetti'),
(33665, 4800, 'Myrtle Gordon'),
(629, 4808, 'FBI Agent Jack Baer'),
(387, 4924, '2WO'),
(330, 4935, 'Roland Tembo'),
(629, 4935, 'Kobayashi'),
(330, 4937, 'Nick Van Owen'),
(805, 4970, 'Minnie Castevet'),
(345, 5006, 'Helena Harford'),
(345, 5007, 'Roz'),
(348, 5047, 'Joan Marie Lambert'),
(348, 5048, 'Samuel Elias Brett'),
(348, 5049, 'Gilbert Ward Kane'),
(1955, 5049, 'John Merrick'),
(10935, 5049, 'Billy Irvine'),
(62215, 5049, 'Dexter'),
(110415, 5049, 'Gilliam'),
(606, 5064, 'Karen Christence Dinesen Blixen'),
(696, 5064, 'Jill'),
(11778, 5064, 'Linda'),
(273481, 5081, 'Kate Macer'),
(629, 5168, 'Dean Keaton'),
(387, 5228, 'Leutnant Werner'),
(387, 5229, 'Der Leitende/Fritz Grade'),
(387, 5230, '1WO'),
(15867, 5249, 'Arthur'),
(891, 5251, 'Harry M. Rosenfeld'),
(15588, 5266, 'Von Zimmel'),
(557, 5293, 'Norman Osborn / Green Goblin'),
(36557, 5309, 'M'),
(37724, 5309, 'M'),
(485162, 5443, 'Laurent Amedeo'),
(424, 5469, 'Amon Göth'),
(1985, 5469, 'Justin Quayle'),
(37724, 5469, 'Gareth Mallory / M'),
(4808, 5563, 'Tex Panthollow'),
(949, 5576, 'Chris Shiherlis'),
(2668, 5658, 'Baltus Van Tassel'),
(439, 5676, 'Marcello Rubini'),
(439, 5682, 'Maddalena'),
(184, 5694, 'Max Cherry'),
(571, 5698, 'Lydia Brenner'),
(6075, 5723, 'Benny Blanco'),
(426, 5729, 'Madeleine Elster / Judy Barton'),
(426, 5730, 'Marjorie  Midge  Wood'),
(429, 5813, 'Alcoholic Union Captain'),
(429, 5814, 'Father Pablo Ramirez'),
(9540, 5942, 'Danuta'),
(439, 5961, 'Sylvia'),
(439, 5962, 'Emma'),
(439, 5963, 'Fanny'),
(343702, 6020, 'Remi'),
(5503, 6068, 'Helen Kimble'),
(838, 6159, 'Steve Bolander'),
(857, 6163, 'Private Stanley Mellish'),
(597, 6193, 'Jack Dawson'),
(27205, 6193, 'Dom Cobb'),
(68718, 6193, 'Calvin J. Candie'),
(281957, 6193, 'Hugh Glass'),
(949, 6200, 'Justine Hanna'),
(9008, 6200, 'Liane Wigand'),
(578, 6355, 'Police Chief Martin Brody'),
(424, 6368, 'Helen Hirsch'),
(155, 6383, 'Harvey Dent / Two-Face'),
(603, 6384, 'Thomas A. Anderson / Neo'),
(604, 6384, 'Thomas A. Anderson / Neo'),
(6114, 6384, 'Jonathan Harker'),
(1985, 6413, 'Sandy Woodrow'),
(829, 6450, 'Evelyn Cross Mulwray'),
(11963, 6450, 'Kathy Hale'),
(1018, 6486, 'Vincenzo Castigliane'),
(11368, 6486, 'Julian Marty'),
(807, 6487, 'Dist. Atty. Martin Talbot'),
(1254, 6548, 'Isabelle Tellier'),
(563, 6574, 'Career Sergeant Zim'),
(393, 6585, 'B.B. Kiddo'),
(829, 6593, 'Noah Cross'),
(423, 6637, 'Father'),
(423, 6638, 'Mother'),
(423, 6639, 'Dorota'),
(797, 6649, 'Herr Vogler'),
(797, 6657, 'Alma'),
(424, 6692, 'Emilie Schindler'),
(424, 6693, 'Poldek Pfefferberg'),
(5548, 6719, 'Leon Nash'),
(1572, 6804, 'Joe Lambert'),
(359940, 6807, 'Jason Dixon'),
(429197, 6807, 'George W. Bush'),
(8053, 6832, 'Rachel'),
(146233, 6832, 'Holly Jones'),
(4808, 6837, 'Hamilton Bartholemew'),
(1091, 6856, 'R.J. MacReady'),
(70981, 6885, 'Meredith Vickers'),
(2668, 6886, 'Katrina Van Tassel'),
(571, 6929, 'Melanie Daniels'),
(500, 6937, 'Joe Cabot'),
(500, 6938, 'Detective Holdaway'),
(500, 6939, 'Mr. Blue'),
(40805, 6941, 'Lenore Case'),
(512, 6968, 'Peter Lyman'),
(146233, 6968, 'Keller Dover'),
(512, 6972, 'Joe Strombel'),
(769, 7004, 'Paul Cicero'),
(680, 7036, 'Lance'),
(484482, 7037, 'Simon'),
(4584, 7056, 'Elinor Dashwood'),
(510, 7071, 'Nurse Mildred Ratched'),
(510, 7072, 'Harding'),
(694, 7077, 'Dick Hallorann'),
(524, 7166, 'Phillip Green'),
(629, 7166, 'Todd Hockney'),
(524, 7167, 'Billy Sherbert'),
(524, 7169, 'Andy Stone'),
(1571, 7248, 'Bowman'),
(337674, 7276, 'Anna'),
(539, 7301, 'Norman Bates'),
(539, 7302, 'Marion Crane'),
(42661, 7302, 'Morgana'),
(539, 7303, 'Lila Crane'),
(539, 7304, 'Sam Loomis'),
(967, 7304, 'Julius Caesar'),
(8217, 7447, 'Ed'),
(346, 7450, 'Kikuchiyo'),
(548, 7450, 'Tajomaru'),
(548, 7451, 'Masako'),
(548, 7452, 'Takehiro'),
(346, 7453, 'Kambei Shimada'),
(548, 7453, 'Woodcutter'),
(11953, 7453, 'Taguchi Gyobu'),
(346, 7454, 'Heihachi Hayashida'),
(548, 7454, 'Priest'),
(550, 7470, 'Robert Bob Paulson'),
(335984, 7499, 'Niander Wallace'),
(42661, 7502, 'Ragnar'),
(9075, 7572, 'Hans Akkermans'),
(10935, 7664, 'The Reverend Doctor'),
(562, 7672, 'Sgt. Al Powell'),
(1573, 7672, 'Sgt. Al Powell'),
(562, 7673, 'Holly Gennaro McClane'),
(1573, 7673, 'Holly McClane'),
(562, 7674, 'Karl'),
(1573, 7676, 'Richard Thornburg'),
(567, 7683, 'Det. Lt. Thomas J. Doyle'),
(567, 7684, 'Stella'),
(567, 7685, 'Lars Thorwald'),
(10889, 7795, 'Jack Dawn'),
(337674, 7803, 'Robert'),
(1894, 7908, 'Yoda (voice)'),
(1895, 7908, 'Yoda (voice)'),
(9075, 8197, 'Ludwig Müntze'),
(571, 8229, 'Mitch Brenner'),
(574, 8237, 'Jo McKenna'),
(574, 8238, 'Lucy Drayton'),
(574, 8239, 'Edward Drayton'),
(574, 8240, 'Val Parnell'),
(599, 8252, 'Joe Gillis'),
(126889, 8289, 'Christopher Oram'),
(27205, 8293, 'Mal Cobb'),
(49026, 8293, 'Miranda Tate / Talia al Ghul'),
(28, 8349, 'Captain Benjamin L. Willard'),
(28, 8350, 'Lance B. Johnson'),
(28, 8351, 'Jay  Chef  Hicks'),
(592, 8351, 'Mark'),
(28, 8354, 'Chief Phillips'),
(592, 8434, 'Ann'),
(838, 8434, 'Laurie Henderson'),
(2668, 8436, 'Lady Mary Van Tassel / Crone Witch'),
(592, 8437, 'Amy Fredericks'),
(840, 8437, 'Ronnie Neary'),
(593, 8474, 'Dr. Snaut'),
(593, 8475, 'Dr. Sartorius'),
(597, 8534, 'Molly Brown'),
(597, 8535, 'Old Rose'),
(273481, 8536, 'Dave Jennings'),
(578, 8606, 'Quint'),
(578, 8607, 'Ellen Brody'),
(578, 8608, 'Mayor Larry Vaughn'),
(599, 8629, 'Norma Desmond'),
(599, 8630, 'Max von Mayerling'),
(777, 8630, 'Le captaine von Rauffenstein'),
(599, 8631, 'Betty Schaefer'),
(599, 8632, 'Sheldrake'),
(28971, 8635, 'Calvero s Partner'),
(807, 8655, 'Police Captain'),
(43884, 8724, 'Major Geoffrey Vickers'),
(43884, 8725, 'Elsa Campbell'),
(43884, 8726, 'Capt. Perry Vickers'),
(36557, 8784, 'James Bond'),
(37724, 8784, 'James Bond'),
(65754, 8784, 'Mikael Blomkvist'),
(484482, 8789, 'Bertrand'),
(872, 8857, 'Kathy Selden'),
(680, 8891, 'Vincent Vega'),
(754, 8891, 'Sean Archer'),
(9208, 8891, 'Maj. Vic  Deak  Deakins'),
(10675, 8925, 'Michelle'),
(10935, 8975, 'Frank Canton'),
(6977, 9015, 'Carla Jean Moss'),
(629, 9045, 'Michael McManus'),
(629, 9046, 'US Customs Agent Dave Kujan'),
(563, 9205, 'Carmen Ibañez'),
(429197, 9273, 'Lynne Cheney'),
(603, 9364, 'Oracle'),
(604, 9443, 'The Architect'),
(1538, 9575, 'Annie Farrell'),
(649, 9762, 'Pierre Serizy'),
(16869, 9824, 'Bridget von Hammersmark'),
(103731, 9880, 'Tom Blankenship'),
(4034, 9920, 'Señor Mario De Castro'),
(601, 9976, 'Elliott'),
(601, 9978, 'Michael'),
(601, 9979, 'Keys'),
(665, 10017, 'Judah Ben-Hur'),
(665, 10018, 'Quintus Arrius'),
(665, 10019, 'Esther'),
(665, 10020, 'Messala'),
(665, 10021, 'Scheich Ildirim'),
(949, 10127, 'Nate'),
(8489, 10127, 'Howard Cosell'),
(10669, 10127, 'Ed Gentry'),
(680, 10182, 'Marsellus Wallace'),
(348, 10205, 'Lt. Ellen Louise Ripley'),
(1716, 10262, 'Arlette Guillaume'),
(103731, 10297, 'Mud'),
(157336, 10297, 'Joseph Coop Cooper'),
(8217, 10401, 'Dorothy'),
(694, 10409, 'Wendy Torrance'),
(694, 10410, 'Danny Torrance'),
(694, 10411, 'Stuart Ullman'),
(696, 10447, 'Tracy'),
(11778, 10477, 'John'),
(703, 10555, 'Rob'),
(703, 10556, 'Allison'),
(703, 10557, 'Tony Lacey'),
(606, 10647, 'Baron Bror Blixen/Baron Hans Blixen'),
(606, 10648, 'Berkeley Cole'),
(606, 10649, 'Farah'),
(606, 10650, 'Kamante'),
(606, 10651, 'Kinanjui'),
(44214, 10767, 'Erica Sayers'),
(861, 10768, 'Melina'),
(1955, 10774, 'Mrs. Kendal'),
(9558, 10814, 'Thomas Flanigan'),
(10935, 10823, 'James Averill'),
(10835, 10885, 'Sgt. Tsang Yeh'),
(36557, 10912, 'Vesper Lynd'),
(967, 10921, 'Sempronius Gracchus'),
(914, 10924, 'Garbitsch'),
(3766, 11027, 'Arthur Bannister'),
(1091, 11065, 'Dr. Blair'),
(891, 11066, 'Deep Throat'),
(9281, 11084, 'Rachel Lapp'),
(563, 11086, 'Lieutenant Jean Rasczak'),
(861, 11086, 'Richter'),
(29845, 11141, 'George Mortensen'),
(805, 11147, 'Guy Woodhouse'),
(33665, 11147, 'Maurice Aarons'),
(754, 11148, 'Eve Archer'),
(8290, 11187, 'Stanislas Lefort, chef d orchestre'),
(2252, 11281, 'Helen'),
(419430, 11367, 'Dean Armitage'),
(769, 11477, 'Henry Hill'),
(769, 11478, 'Karen Hill'),
(769, 11480, 'Frankie Carbone'),
(769, 11482, 'Sonny Bunz'),
(1716, 11535, 'Germaine Fabre'),
(777, 11544, 'Le lieutenant Marechal'),
(777, 11545, 'Elsa'),
(777, 11546, 'Le captaine de Boeldieu'),
(29084, 11546, 'Le docteur Remy Germain'),
(777, 11548, 'Le serrurier'),
(11439, 11616, 'Ruth Lang'),
(68718, 11703, 'Broomhilda von Shaft'),
(11963, 11783, 'Mr. Wabash'),
(983, 11852, 'Billy Fish'),
(9361, 11856, 'Hawkeye/Nathaniel Poe'),
(1955, 11857, 'Carr Gomm'),
(807, 11885, 'California'),
(797, 11916, 'Elisabet Vogler'),
(133919, 11916, 'Marianne'),
(797, 11917, 'The Doctor'),
(805, 12021, 'Rosemary Woodhouse'),
(8217, 12021, 'Alice Tate'),
(28384, 12021, 'Judy Roth'),
(805, 12022, 'Roman Castevet'),
(805, 12023, 'Hutch'),
(807, 12052, 'Tracy Mills'),
(37799, 12111, 'Sean Parker'),
(11, 12248, 'Obi-Wan Ben Kenobi'),
(42661, 12250, 'Lord Egbert'),
(15383, 12266, 'Mathilde'),
(15383, 12267, 'Luc Jardie'),
(829, 12295, 'Lieutenant Lou Escobar'),
(829, 12296, 'Russ Yelburton'),
(832, 12322, 'Frau Beckmann'),
(832, 12323, 'Elsie Beckmann'),
(832, 12324, 'Inspector Karl Lohmann'),
(838, 12406, 'John Milner'),
(838, 12407, 'Debbie Dunham'),
(839, 12422, 'David Mann'),
(839, 12423, 'Cafe Owner'),
(840, 12438, 'David Laughlin'),
(840, 12439, 'Project Leader'),
(840, 12440, 'Wild Bill'),
(9540, 12452, 'Laura'),
(845, 12497, 'Guy Haines'),
(845, 12498, 'Anne Morton'),
(845, 12499, 'Bruno Antony'),
(845, 12500, 'Barbara Morton'),
(845, 12501, 'Mrs. Antony'),
(845, 12505, 'Miriam Joyce Haines'),
(15867, 12518, 'Frederick'),
(2252, 12647, 'Semyon'),
(9426, 12716, 'Dr. Brent Cheevers'),
(2786, 12773, 'Maria, la femme de Ferdinand'),
(857, 12833, 'Private Richard Reiben'),
(857, 12834, 'Private Daniel Jackson'),
(8053, 12834, 'Mike Norton'),
(857, 12835, 'Private Adrian Caparzo'),
(4808, 12950, 'Herman Scobie'),
(1572, 13023, 'Connie Kowalski'),
(872, 13294, 'Don Lockwood'),
(872, 13295, 'Cosmo Brown'),
(872, 13296, 'Lina Lamont'),
(872, 13297, 'R.F. Simpson'),
(1955, 13325, 'Mothershead'),
(996, 13566, 'Barton Keyes'),
(33665, 13568, 'Sarah Goode'),
(891, 13724, 'Judy Hoback'),
(10669, 13726, 'Bobby Trippe'),
(914, 13848, 'Adenoid Hynkel, Dictator of Tomania / A Jewish Barber'),
(3082, 13848, 'A factory worker'),
(10098, 13848, 'A Tramp'),
(28971, 13848, 'Calvero'),
(3053, 14016, 'Professor Abronsius'),
(3082, 14027, 'A gamin'),
(914, 14028, 'Benzino Napaloni, Dictator of Bacteria'),
(914, 14029, 'Commander Schultz'),
(4034, 14242, 'Prof. Norbert Catalan'),
(11657, 14276, 'Vogel'),
(11462, 14299, 'Mrs. McLaidlaw'),
(3766, 14364, 'Judge'),
(3082, 14438, 'Cafe proprietor'),
(967, 14500, 'Varinia'),
(967, 14501, 'Lentulus Batiatus'),
(968, 14541, 'Leon Shermer'),
(975, 14562, 'Cpl. Philippe Paris'),
(975, 14563, 'Gen. George Broulard'),
(975, 14564, 'Gen. Paul Mireau'),
(3767, 14564, 'Ballin Mundson'),
(975, 14565, 'Lt. Roget/Singing man'),
(6075, 14698, 'Gail'),
(9281, 14792, 'Chief Paul Schaeffer'),
(1628, 14812, 'Catherine'),
(9008, 14888, 'Ron Motley'),
(996, 14974, 'Phyllis Dietrichson'),
(996, 14975, 'Mr. Jackson'),
(996, 14976, 'Edward S. Norton Jr.'),
(996, 14977, 'Lola Dietrichson'),
(1018, 15007, 'Rita / Camilla Rhodes'),
(1018, 15008, 'Catherine Lenoix'),
(1018, 15009, 'Adam Kesher'),
(1018, 15011, 'Detective Neal Domgaard'),
(1571, 15033, 'Matthew  Matt  Farrell'),
(5511, 15135, 'Jef Costello'),
(11657, 15135, 'Corey'),
(1891, 15152, 'Darth Vader (voice - uncredited)'),
(2817, 15200, 'Jane'),
(334541, 15370, 'Elise Chandler'),
(15383, 15397, 'Philippe Gerbier'),
(25253, 15397, 'Fernand Naudin'),
(1091, 15411, 'Nauls'),
(1091, 15412, 'Palmer'),
(485166, 15481, 'Maud Sorel'),
(274, 15854, 'Jame Buffalo Bill Gumb'),
(5548, 15860, 'Bob Morton'),
(8489, 16214, 'Malcolm X'),
(274, 16293, 'Dr. Frederick Chilton'),
(10669, 16475, 'Lewis Medlock'),
(9558, 16560, 'Dennis Gilley'),
(70981, 16702, 'Fifield'),
(110415, 16828, 'Curtis Everett'),
(16869, 16847, 'Staff Sergeant Donny The Bear Jew Donowitz'),
(6977, 16851, 'Llewelyn Moss'),
(273481, 16851, 'Matt Graver'),
(359940, 16861, 'Charlie Hayes'),
(1716, 16927, 'Bernard Granger'),
(1541, 16935, 'Thelma Yvonne Dickinson'),
(9426, 16935, 'Veronica Quaife'),
(1572, 16940, 'Simon Peter Gruber'),
(9540, 16940, 'Beverly/Elliot Mantle'),
(47943, 16972, 'Harry'),
(2817, 17029, 'Docteur'),
(557, 17051, 'Harry Osborn'),
(558, 17051, 'Harry Osborn'),
(559, 17051, 'Harry Osborn / New Goblin'),
(559, 17052, 'Eddie Brock / Venom'),
(773, 17140, 'Olive Hoover'),
(773, 17141, 'Richard Hoover'),
(773, 17142, 'Dwayne Hoover'),
(146233, 17142, 'Alex Jones'),
(1443, 17236, 'Mary Lisbon'),
(1443, 17238, 'Therese Lisbon'),
(1894, 17244, 'Anakin Skywalker'),
(1895, 17244, 'Anakin Skywalker / Darth Vader'),
(16869, 17288, 'Lieutenant Archie Hicox'),
(70981, 17288, 'David'),
(126889, 17288, 'David / Walter'),
(40805, 17380, 'Kato'),
(773, 17419, 'Stan Grossman'),
(1164, 17476, 'Tom'),
(1164, 17477, 'Lilly'),
(1164, 17483, 'James'),
(1164, 17484, 'Barth'),
(1553, 17497, 'Thomas Seyr'),
(1553, 17498, 'Robert Seyr'),
(21575, 17498, 'Cesar Luciani'),
(1553, 17499, 'Fabrice'),
(484482, 17499, 'Thibault'),
(1553, 17500, 'Sami'),
(70981, 17605, 'Janek'),
(10935, 17882, 'Ella Watson'),
(337674, 17882, 'Michele Leblanc'),
(1164, 18054, 'Cheiko'),
(1571, 18082, 'Thomas Gabriel'),
(2817, 18177, 'Simon'),
(47943, 18178, 'Michel'),
(2786, 18197, 'Marianne'),
(1628, 18216, 'Jules'),
(1628, 18217, 'Jim'),
(1628, 18218, 'Therese'),
(8290, 18218, 'Juliette, la petite fille du guignol'),
(1716, 18778, 'Jean-Loup Cottins'),
(2433, 18809, 'Solange Garnier'),
(4034, 18809, 'Agnes Villermosa'),
(4808, 18870, 'Leopold Gideon'),
(25253, 18966, 'Theo'),
(44214, 18973, 'Lily'),
(558, 18998, 'May Parker'),
(1553, 19115, 'Miao Lin'),
(1553, 19116, 'Aline'),
(15152, 19116, 'La princesse Al Tarouk'),
(1553, 19117, 'Chris'),
(1254, 19119, 'Lili'),
(16869, 19119, 'Shosanna Dreyfus / Emmanuelle Mimieux'),
(557, 19153, 'Ben Parker'),
(11963, 19153, 'J. Higgins'),
(559, 19159, 'Flint Marko / Sandman'),
(15383, 19162, 'Jean François Jardie'),
(40805, 19274, 'Britt Reid / Green Hornet'),
(451657, 19360, 'Miriam Besson'),
(1254, 19361, 'Le psychiatre'),
(10098, 19426, 'The Kid'),
(273481, 19498, 'Ted'),
(8290, 19613, 'Alan Mac Intosh'),
(25253, 19647, 'Jean, le majordome'),
(484482, 19866, 'Laurent'),
(2433, 20030, 'Maxence'),
(9426, 20211, 'Stathis Borans'),
(11368, 20211, 'Ray'),
(8053, 20309, 'Belmont'),
(2786, 20420, 'Fred'),
(2252, 20425, 'Yuri'),
(110415, 20738, 'Namgoong Minsu'),
(496243, 20738, 'Kim Ki-taek'),
(9208, 20767, 'Terry Carmichael'),
(4584, 20769, 'Lucy Steele'),
(346, 20828, 'Gorobei Katayama'),
(346, 20829, 'Kyuzo'),
(2817, 20851, 'Odile Lalande'),
(5511, 20945, 'La jeune fille du vestiaire'),
(1571, 21045, 'Mai Linh'),
(11183, 21171, 'Bernard Morin'),
(33701, 21171, 'Bernard'),
(11183, 21175, 'Jean-Claude Dusse'),
(33701, 21175, 'Jean-Claude Dusse'),
(11183, 21177, 'Robert Popeye Lespinasse'),
(33701, 21177, 'Popeye'),
(10098, 21301, 'Mother'),
(8489, 21399, 'Angelo Dundee'),
(343702, 21769, 'Michel'),
(2786, 21772, 'le chef des gangsters'),
(1254, 22306, 'Paul Tellier'),
(1573, 22383, 'General Ramon Esperanza'),
(3175, 22703, 'Lischen'),
(9075, 23229, 'Rachel Stein / Ellis de Vries'),
(484482, 23383, 'Amanda'),
(27205, 24045, 'Arthur'),
(1891, 24342, 'Darth Vader'),
(11, 24343, 'Chewbacca'),
(1891, 24343, 'Chewbacca'),
(1892, 24343, 'Chewbacca'),
(140607, 24343, 'Chewbacca'),
(25253, 24379, 'Raoul Volfoni'),
(2817, 24467, 'Pere'),
(2817, 24816, 'Claude'),
(343702, 24816, 'Le pecheur qui ressemble à Pierre Arditi'),
(2433, 24880, 'etienne'),
(2433, 24881, 'Bill'),
(25253, 24903, 'Antoine Delafoy'),
(140607, 25072, 'Poe Dameron'),
(181808, 25072, 'Poe Dameron'),
(377275, 26100, 'Vincent'),
(337674, 26165, 'Irene Leblanc'),
(25253, 26300, 'Patricia, la fille de Louis le Mexicain'),
(3053, 26490, 'Magda, die Magd'),
(3053, 26557, 'Graf von Krolock / Erzähler'),
(10835, 26784, 'Insp. Li Ying / Little Eagle'),
(16869, 27319, 'SS Colonel Hans The Jew Hunter Landa'),
(40805, 27319, 'Chudnofsky'),
(68718, 27319, 'Dr. King Schultz'),
(5511, 27440, 'Superintendant'),
(27205, 27578, 'Ariadne'),
(10889, 27584, 'Jeri Dawn'),
(9075, 27627, 'Günther Franken'),
(68718, 27740, 'Billy Crash'),
(1892, 27762, 'The Emperor'),
(1893, 27762, 'Senator Palpatine'),
(1894, 27762, 'Chancellor Palpatine'),
(1895, 27762, 'Chancellor Palpatine / Darth Sidious'),
(563, 27763, 'Johnny Rico'),
(2668, 27763, 'Brom Van Brunt'),
(9361, 27764, 'Major Heyward'),
(68718, 27770, 'Leonide Moguy'),
(5548, 27811, 'RoboCop / Officer Alex J. Murphy'),
(1398, 28078, 'Stalker'),
(1892, 28235, 'Anakin Skywalker'),
(2817, 28279, 'Camille Lalande'),
(343702, 28279, 'Laëtitia'),
(2817, 28281, 'Nicolas'),
(563, 28410, 'Private Ace Levy'),
(11183, 28781, 'Dr Jerome Tarayre'),
(33701, 28781, 'Jerome'),
(62215, 28846, 'Michael'),
(8290, 29427, 'Sir Reginald Brook'),
(3053, 29490, 'Sarah Shagal'),
(28971, 29545, 'Terry, a Dancer'),
(59436, 29685, 'John'),
(3053, 30119, 'Yoyneh Shagal, der Gastwirt'),
(3053, 30120, 'Herbert von Krolock'),
(3082, 30194, 'Big Bill'),
(335984, 30614, 'K'),
(807, 31028, 'Mark Swarr'),
(3175, 31070, 'Redmond Barry Lyndon'),
(3175, 31071, 'Lady Lyndon'),
(274, 31649, 'Catherine Martin'),
(8053, 31717, 'Lou Ann Norton'),
(3175, 31720, 'Nora Brady'),
(1893, 31923, 'Governor Sio Bibble'),
(1893, 31925, 'Captain Panaka'),
(11657, 32101, 'Police Inspector'),
(1254, 32657, 'Thomas'),
(1254, 32658, 'Loïc'),
(16869, 32823, 'Corporal Wilhelm Wicki'),
(1895, 33181, 'Senator Bail Organa'),
(1893, 33190, 'Shmi Skywalker'),
(1894, 33190, 'Shmi Skywalker'),
(245703, 33192, 'Lucas'),
(1893, 33196, 'Anakin Skywalker'),
(3766, 33741, 'Elsa Bannister'),
(3767, 33741, 'Gilda Mundson Farrell'),
(3766, 33742, 'George Grisby'),
(3767, 33747, 'Maurice Obregon'),
(103731, 34490, 'Mary Lee'),
(375262, 34546, 'John Churchill, Lord Marlborough'),
(4034, 34615, 'Lola'),
(393, 34721, 'Larry Gomez'),
(11657, 35003, 'The Receiver'),
(15383, 35003, 'Felix Lepercq'),
(40805, 35029, 'Frank Scanlon'),
(11183, 35137, 'Nathalie Morin'),
(33701, 35137, 'Nathalie'),
(9540, 35341, 'Claire Niveau'),
(15383, 36018, 'Claude Ullman « Le Masque »'),
(29084, 36214, 'La merciere'),
(47943, 36513, 'Mother'),
(1538, 36602, 'Richard Weidner'),
(8053, 36634, 'Melquiades Estrada'),
(8290, 37131, 'Augustin Bouvet, peintre en bâtiment'),
(11657, 37131, 'Mattei'),
(126889, 37158, 'Karine Oram'),
(29084, 37183, 'Marie Corbin, l infirmiere'),
(25253, 37457, 'Paul Volfoni'),
(37799, 37625, 'Eduardo Saverin'),
(3175, 37777, 'Capt. Potzdorf'),
(25253, 37992, 'Adolphe Amedee Delafoy'),
(24657, 38127, 'Alexander'),
(46738, 38526, 'le notaire Lebel'),
(8290, 39008, 'Peter Cunningham'),
(375262, 39187, 'Queen Anne'),
(47943, 39436, 'Father'),
(6977, 39520, 'Wendell'),
(25253, 39645, 'Maître Folace'),
(9075, 39847, 'Ronnie'),
(29084, 39874, 'Laura Vorzet'),
(839, 40186, 'Mrs. Mann'),
(6075, 40481, 'Pachanga'),
(872, 41226, 'Dancer'),
(6977, 41249, 'Loretta Bell'),
(563, 41686, 'Colonel Carl Jenkins'),
(4808, 41714, 'Sylvie Gaudel'),
(2252, 43553, 'Stepan'),
(5511, 43814, 'Jane Lagrange'),
(5511, 43815, 'Valerie, die Pianistin'),
(5548, 44038, 'Officer Anne Lewis'),
(62215, 44079, 'Gaby'),
(15383, 44509, 'Guillaume Vermesch « Le Bison »'),
(37799, 44735, 'Mark Zuckerberg'),
(6075, 47769, 'Steffie'),
(484482, 47820, 'Marcus'),
(11778, 47879, 'Steven Pushkov'),
(337674, 48576, 'Richard Leblanc'),
(47943, 48577, 'Claire'),
(9075, 52167, 'Prison Guard with Baret'),
(10675, 52462, 'Sondra Walker'),
(273481, 52886, 'Steve Forsing'),
(59436, 53714, 'Inez'),
(37799, 53807, 'Cameron Winklevoss / Tyler Winklevoss'),
(8290, 54376, 'Le gardien du zoo de Vincennes'),
(375262, 54693, 'Abigail Hill'),
(15867, 54782, 'Joey'),
(15152, 56024, 'Hubert Bonisseur de La Bath, alias OSS 117'),
(15588, 56024, 'Hubert Bonisseur de la Bath, OSS 117'),
(9361, 57448, 'Uncas'),
(9361, 57449, 'Alice Munro'),
(9426, 57626, 'Tawny'),
(6977, 57755, 'Carson Wells'),
(359940, 57755, 'Bill Willoughby'),
(9540, 57880, 'Wolleck / Anders Wolleck'),
(9540, 57881, 'Cary'),
(9558, 59109, 'Jennifer'),
(9558, 59110, 'Larry Wong'),
(64720, 59450, 'Nat'),
(245703, 60875, 'Elden'),
(601, 62001, 'Mary'),
(126889, 62862, 'Tennessee Faris'),
(12143, 64239, 'The Nun'),
(11183, 64913, 'Gisele Gigi Andre'),
(33701, 64913, 'Gigi'),
(10669, 66178, 'Old Man'),
(15152, 66839, 'Jack Jefferson'),
(24657, 67003, 'Victor'),
(10835, 67046, 'Jennie'),
(10835, 67047, 'Sidney Fung'),
(10889, 67346, 'Phil Dawn'),
(484482, 67532, 'Clem'),
(47943, 67902, 'Prune (Plum)'),
(601, 69597, 'Gertie'),
(11953, 70131, 'Shingen Takeda / Kagemusha'),
(11953, 70133, 'Sohachiro Tsuchiya'),
(11657, 70349, 'Rico'),
(11953, 70626, 'Nobukado Takeda'),
(11953, 71027, 'Katsuyori Takeda'),
(12143, 71444, 'Ariane'),
(180, 72466, 'Danny Witwer'),
(9075, 73381, 'Joop'),
(98, 73421, 'Commodus'),
(64720, 74242, 'Dewart'),
(604, 75121, 'Soren'),
(8053, 76136, 'Old Man with Radio'),
(484482, 76820, 'Claire'),
(126889, 76961, 'Carl Lope'),
(46738, 77498, 'Nawal'),
(126889, 77795, 'Daniels Branson'),
(15588, 78425, 'Dolores'),
(429197, 80602, 'Colin Powell'),
(21575, 81051, 'Malik El Djebena'),
(451657, 81125, 'Antoine Besson'),
(343702, 81821, 'Rachelle'),
(43884, 81934, 'Sir Charles Macefield'),
(15152, 82923, 'Larmina El Akmar Betouche'),
(64720, 83002, 'Samantha LaForche'),
(157336, 83002, 'Murphy Murph Cooper'),
(377275, 83797, 'Sam'),
(485166, 83797, 'David Sorel'),
(46738, 84573, 'Jeanne Marwan'),
(2433, 87065, 'Guillaume Lancien'),
(24657, 87415, 'Adelaide'),
(70981, 87722, 'Dr. Elizabeth Shaw'),
(37799, 88123, 'Christy Lee'),
(46738, 88592, 'Simon Marwan'),
(21575, 89624, 'Ryad'),
(21575, 89625, 'Reyeb'),
(21575, 89626, 'Jordi'),
(59436, 91495, 'Helen'),
(281957, 93210, 'Captain Andrew Henry'),
(281957, 93491, 'Jim Bridger'),
(337674, 93532, 'Patrick'),
(11462, 99461, 'General McLaidlaw'),
(29084, 102864, 'Denise Saillens'),
(335984, 104632, 'Luv'),
(9426, 105298, 'Marky'),
(37799, 108916, 'Erica Albright'),
(65754, 108916, 'Lisbeth Salander'),
(496243, 115290, 'Park Dong-ik'),
(337674, 118178, 'Rebecca'),
(377275, 118178, 'Victoria'),
(484482, 118178, 'Delphine'),
(70981, 130253, 'Charlie Holloway'),
(24657, 142878, 'Maria'),
(343702, 146342, 'Mila'),
(29845, 146710, 'Margaret Longhetti'),
(29845, 146711, 'Martha Mortensen'),
(9540, 147522, 'Leo'),
(10669, 153393, 'First Griner'),
(15867, 164343, 'Flyn'),
(9426, 180878, '2nd Man in Bar'),
(10675, 185316, 'Le Grand Hotel Manager'),
(46738, 196737, 'Notaire Maddad'),
(273481, 206919, 'Reggie Wayne'),
(419430, 206919, 'Chris Washington'),
(281957, 220448, 'Anderson'),
(335984, 224513, 'Joi'),
(10889, 233119, 'Margarita Vargas'),
(140607, 236695, 'Finn'),
(181808, 236695, 'Finn'),
(24, 240171, 'Johnny Mo'),
(393, 240171, 'Pai Mei'),
(46738, 241930, 'Professor Niv Cohen'),
(496243, 556435, 'Yeon-kyo ( Mr. Park s wife )'),
(70981, 564941, 'Young Shaw'),
(11368, 565188, 'Debra'),
(337674, 566080, 'Vincent'),
(419430, 572541, 'Jeremy Armitage'),
(15588, 583686, 'Armand Lesignac'),
(15588, 583687, 'Fraulein Frieda / Carlotta'),
(490132, 932967, 'Don Shirley'),
(46738, 970213, 'Abou Tarek/Nihad'),
(485166, 971262, 'Sandrine Sorel'),
(377275, 983929, 'Christelle'),
(140607, 1023139, 'Kylo Ren / Ben Solo'),
(181808, 1023139, 'Kylo Ren / Ben Solo'),
(245703, 1023139, 'Agent Sevier'),
(37724, 1030261, 'Severine'),
(103731, 1034681, 'Ellis'),
(377275, 1066144, 'David'),
(334541, 1105079, 'Patrick Chandler'),
(335984, 1110405, 'Mariette'),
(281957, 1126405, 'Johnnie'),
(485166, 1137823, 'Lena'),
(10669, 1152299, 'Lonnie'),
(103731, 1171570, 'Neckbone'),
(593, 1190206, 'Kris Kelvin'),
(593, 1190211, 'Hari'),
(593, 1190992, 'Kelvin s Father'),
(419430, 1255540, 'Rose Armitage'),
(496243, 1255881, 'Ki-woo ( Ki-taek s son )'),
(140607, 1267329, 'Maz Kanata'),
(451657, 1273505, 'Josephine Besson'),
(245703, 1274508, 'Alton Meyer'),
(140607, 1315036, 'Rey'),
(181808, 1315036, 'Rey'),
(181812, 1315036, 'Rey'),
(453352, 1377732, 'Jeanne'),
(496243, 1442583, 'Ki-jung ( Ki-taek s daughter )'),
(453352, 1494014, 'Stephane'),
(375262, 1496392, 'Samuel Masham'),
(453352, 1580289, 'Michel'),
(181808, 1663195, 'Rose Tico'),
(451657, 1701554, 'Sylvia'),
(181808, 1709041, 'Chewbacca'),
(451657, 1793830, 'Julien Besson'),
(453352, 1821801, 'Christophe'),
(453352, 1821803, 'Micka'),
(451657, 1887813, 'Samuel'),
(485166, 1917512, 'Amanda'),
(485162, 2021536, 'Mélanie (Syndicaliste CGT #1)'),
(485162, 2021538, 'M. Borderie'),
(485162, 2045567, 'Directeur Administratif et Financier'),
(485162, 2045568, 'Syndicaliste SIPI #1');

INSERT INTO Notation (  idFilm ,  email ,  note )
VALUES
(11,'email1@chaptal.fr',4),
(24,'email1@chaptal.fr',4),
(28,'email1@chaptal.fr',4),
(11,'email2@chaptal.fr',3),
(24,'email2@chaptal.fr',3),
(28,'email2@chaptal.fr',3),
(11,'email3@chaptal.fr',5),
(24,'email3@chaptal.fr',5),
(24,'email4@chaptal.fr',9),
(11,'email5@chaptal.fr',3),
(11,'email6@chaptal.fr',9),
(11,'email7@chaptal.fr',4),
(11,'email8@chaptal.fr',3),
(11,'email9@chaptal.fr',7),
(11,'email10@chaptal.fr',1),
(11,'email11@chaptal.fr',8),
(11,'email12@chaptal.fr',9),
(11,'email13@chaptal.fr',2),
(11,'email14@chaptal.fr',5),
(11,'email15@chaptal.fr',3),
(11,'email16@chaptal.fr',2),
(11,'email17@chaptal.fr',10),
(11,'email18@chaptal.fr',6),
(11,'email19@chaptal.fr',5),
(11,'email20@chaptal.fr',9),
(11,'email21@chaptal.fr',2),
(11,'email22@chaptal.fr',10),
(11,'email23@chaptal.fr',6),
(11,'email24@chaptal.fr',8),
(11,'email25@chaptal.fr',9),
(11,'email26@chaptal.fr',10),
(11,'email27@chaptal.fr',10),
(11,'email28@chaptal.fr',2),
(11,'email29@chaptal.fr',8),
(11,'email30@chaptal.fr',5),
(11,'email31@chaptal.fr',3),
(11,'email32@chaptal.fr',5),
(11,'email33@chaptal.fr',9),
(11,'email34@chaptal.fr',7),
(11,'email35@chaptal.fr',10),
(11,'email36@chaptal.fr',7),
(11,'email37@chaptal.fr',8),
(11,'email38@chaptal.fr',7),
(11,'email39@chaptal.fr',8),
(11,'email40@chaptal.fr',9),
(11,'email41@chaptal.fr',10),
(11,'email42@chaptal.fr',4),
(11,'email43@chaptal.fr',7),
(11,'email44@chaptal.fr',10),
(11,'email45@chaptal.fr',4),
(11,'email46@chaptal.fr',10),
(11,'email47@chaptal.fr',2),
(11,'email48@chaptal.fr',7),
(11,'email49@chaptal.fr',10),
(11,'email50@chaptal.fr',9),
(11,'email51@chaptal.fr',8),
(11,'email52@chaptal.fr',1),
(11,'email53@chaptal.fr',3),
(11,'email54@chaptal.fr',6),
(11,'email55@chaptal.fr',2),
(11,'email56@chaptal.fr',5),
(11,'email57@chaptal.fr',8),
(11,'email58@chaptal.fr',7),
(11,'email59@chaptal.fr',4),
(11,'email60@chaptal.fr',10),
(11,'email61@chaptal.fr',1),
(11,'email62@chaptal.fr',8),
(11,'email63@chaptal.fr',4),
(11,'email64@chaptal.fr',4),
(11,'email65@chaptal.fr',2),
(11,'email66@chaptal.fr',7),
(11,'email67@chaptal.fr',8),
(11,'email68@chaptal.fr',6),
(11,'email69@chaptal.fr',6),
(11,'email70@chaptal.fr',2),
(11,'email71@chaptal.fr',1),
(11,'email72@chaptal.fr',10),
(11,'email73@chaptal.fr',7),
(11,'email74@chaptal.fr',1),
(11,'email75@chaptal.fr',8),
(11,'email76@chaptal.fr',8),
(11,'email77@chaptal.fr',4),
(11,'email78@chaptal.fr',4),
(11,'email79@chaptal.fr',10),
(11,'email80@chaptal.fr',4),
(11,'email81@chaptal.fr',7),
(11,'email82@chaptal.fr',1),
(11,'email83@chaptal.fr',4),
(11,'email84@chaptal.fr',10),
(11,'email85@chaptal.fr',5),
(11,'email86@chaptal.fr',5),
(11,'email87@chaptal.fr',3),
(11,'email88@chaptal.fr',10),
(11,'email89@chaptal.fr',5),
(11,'email90@chaptal.fr',3),
(11,'email91@chaptal.fr',1),
(11,'email92@chaptal.fr',3),
(11,'email93@chaptal.fr',1),
(11,'email94@chaptal.fr',2),
(11,'email95@chaptal.fr',3),
(11,'email96@chaptal.fr',4),
(11,'email97@chaptal.fr',8),
(11,'email98@chaptal.fr',3),
(11,'email99@chaptal.fr',2),
(11,'email100@chaptal.fr',4),
(11,'email101@chaptal.fr',1),
(11,'email102@chaptal.fr',2),
(11,'email103@chaptal.fr',5),
(11,'email104@chaptal.fr',4),
(11,'email105@chaptal.fr',3),
(11,'email106@chaptal.fr',5),
(11,'email107@chaptal.fr',5),
(11,'email108@chaptal.fr',7),
(11,'email109@chaptal.fr',10),
(11,'email110@chaptal.fr',5),
(11,'email111@chaptal.fr',5),
(11,'email112@chaptal.fr',1),
(11,'email113@chaptal.fr',10),
(11,'email114@chaptal.fr',1),
(11,'email115@chaptal.fr',6),
(11,'email116@chaptal.fr',7),
(11,'email117@chaptal.fr',1),
(11,'email118@chaptal.fr',1),
(11,'email119@chaptal.fr',2),
(11,'email120@chaptal.fr',3),
(11,'email121@chaptal.fr',9),
(11,'email122@chaptal.fr',6),
(11,'email123@chaptal.fr',6),
(11,'email124@chaptal.fr',6),
(11,'email125@chaptal.fr',10),
(11,'email126@chaptal.fr',2),
(11,'email127@chaptal.fr',6),
(11,'email128@chaptal.fr',4),
(11,'email129@chaptal.fr',4),
(11,'email130@chaptal.fr',10),
(11,'email131@chaptal.fr',9),
(11,'email132@chaptal.fr',2),
(11,'email133@chaptal.fr',10),
(11,'email134@chaptal.fr',8),
(11,'email135@chaptal.fr',4),
(11,'email136@chaptal.fr',2),
(11,'email137@chaptal.fr',6),
(11,'email138@chaptal.fr',5),
(11,'email139@chaptal.fr',3),
(11,'email140@chaptal.fr',4),
(11,'email141@chaptal.fr',10),
(11,'email142@chaptal.fr',10),
(11,'email143@chaptal.fr',8),
(11,'email144@chaptal.fr',5),
(11,'email145@chaptal.fr',4),
(11,'email146@chaptal.fr',6),
(11,'email147@chaptal.fr',2),
(11,'email148@chaptal.fr',6),
(11,'email149@chaptal.fr',2),
(11,'email150@chaptal.fr',9),
(11,'email151@chaptal.fr',2),
(11,'email152@chaptal.fr',5),
(11,'email153@chaptal.fr',4),
(11,'email154@chaptal.fr',3),
(11,'email155@chaptal.fr',10),
(11,'email156@chaptal.fr',8),
(11,'email157@chaptal.fr',9),
(11,'email158@chaptal.fr',3),
(11,'email159@chaptal.fr',8),
(11,'email160@chaptal.fr',2),
(11,'email161@chaptal.fr',10),
(24,'email162@chaptal.fr',3),
(24,'email163@chaptal.fr',9),
(24,'email164@chaptal.fr',4),
(24,'email165@chaptal.fr',2),
(24,'email166@chaptal.fr',3),
(24,'email167@chaptal.fr',4),
(24,'email168@chaptal.fr',8),
(24,'email169@chaptal.fr',10),
(24,'email170@chaptal.fr',10),
(24,'email171@chaptal.fr',10),
(24,'email172@chaptal.fr',4),
(24,'email173@chaptal.fr',8),
(24,'email174@chaptal.fr',4),
(24,'email175@chaptal.fr',7),
(24,'email176@chaptal.fr',5),
(24,'email177@chaptal.fr',10),
(24,'email178@chaptal.fr',10),
(24,'email179@chaptal.fr',8),
(24,'email180@chaptal.fr',10),
(24,'email181@chaptal.fr',10),
(24,'email182@chaptal.fr',8),
(24,'email183@chaptal.fr',9),
(24,'email184@chaptal.fr',10),
(24,'email185@chaptal.fr',9),
(24,'email186@chaptal.fr',1),
(24,'email187@chaptal.fr',10),
(24,'email188@chaptal.fr',3),
(24,'email189@chaptal.fr',9),
(24,'email190@chaptal.fr',4),
(24,'email191@chaptal.fr',5),
(24,'email192@chaptal.fr',3),
(24,'email193@chaptal.fr',2),
(24,'email194@chaptal.fr',2),
(24,'email195@chaptal.fr',9),
(24,'email196@chaptal.fr',4),
(24,'email197@chaptal.fr',2),
(24,'email198@chaptal.fr',7),
(24,'email199@chaptal.fr',5),
(24,'email200@chaptal.fr',3),
(24,'email201@chaptal.fr',4),
(24,'email202@chaptal.fr',6),
(24,'email203@chaptal.fr',7),
(24,'email204@chaptal.fr',8),
(24,'email205@chaptal.fr',4),
(24,'email206@chaptal.fr',5),
(24,'email207@chaptal.fr',5),
(24,'email208@chaptal.fr',2),
(24,'email209@chaptal.fr',9),
(24,'email210@chaptal.fr',8),
(24,'email211@chaptal.fr',7),
(24,'email212@chaptal.fr',9),
(24,'email213@chaptal.fr',9),
(24,'email214@chaptal.fr',1),
(24,'email215@chaptal.fr',1),
(24,'email216@chaptal.fr',4),
(24,'email217@chaptal.fr',4),
(24,'email218@chaptal.fr',6),
(24,'email219@chaptal.fr',7),
(24,'email220@chaptal.fr',1),
(24,'email221@chaptal.fr',1),
(24,'email222@chaptal.fr',7),
(24,'email223@chaptal.fr',5),
(24,'email224@chaptal.fr',3),
(24,'email225@chaptal.fr',2),
(24,'email226@chaptal.fr',2),
(24,'email227@chaptal.fr',10),
(24,'email228@chaptal.fr',10),
(24,'email229@chaptal.fr',1),
(24,'email230@chaptal.fr',10),
(24,'email231@chaptal.fr',3),
(24,'email232@chaptal.fr',8),
(24,'email233@chaptal.fr',2),
(24,'email234@chaptal.fr',2),
(24,'email235@chaptal.fr',1),
(24,'email236@chaptal.fr',2),
(24,'email237@chaptal.fr',4),
(24,'email238@chaptal.fr',1),
(24,'email239@chaptal.fr',5),
(24,'email240@chaptal.fr',2),
(24,'email241@chaptal.fr',5),
(24,'email242@chaptal.fr',4),
(24,'email243@chaptal.fr',10),
(24,'email244@chaptal.fr',10),
(24,'email245@chaptal.fr',4),
(24,'email246@chaptal.fr',9),
(24,'email247@chaptal.fr',3),
(24,'email248@chaptal.fr',1),
(24,'email249@chaptal.fr',7),
(24,'email250@chaptal.fr',3),
(24,'email251@chaptal.fr',4),
(24,'email252@chaptal.fr',2),
(24,'email253@chaptal.fr',4),
(24,'email254@chaptal.fr',9),
(24,'email255@chaptal.fr',9),
(24,'email256@chaptal.fr',3),
(24,'email257@chaptal.fr',2),
(24,'email258@chaptal.fr',2),
(24,'email259@chaptal.fr',5),
(24,'email260@chaptal.fr',4),
(24,'email261@chaptal.fr',10),
(24,'email262@chaptal.fr',10),
(24,'email263@chaptal.fr',10),
(24,'email264@chaptal.fr',5),
(24,'email265@chaptal.fr',2),
(24,'email266@chaptal.fr',4),
(24,'email267@chaptal.fr',3),
(24,'email268@chaptal.fr',9),
(24,'email269@chaptal.fr',2),
(24,'email270@chaptal.fr',5),
(24,'email271@chaptal.fr',8),
(24,'email272@chaptal.fr',3),
(24,'email273@chaptal.fr',9),
(24,'email274@chaptal.fr',10),
(24,'email275@chaptal.fr',2),
(24,'email276@chaptal.fr',3),
(24,'email277@chaptal.fr',10),
(24,'email278@chaptal.fr',7),
(24,'email279@chaptal.fr',6),
(24,'email280@chaptal.fr',4),
(24,'email281@chaptal.fr',3),
(24,'email282@chaptal.fr',2),
(24,'email283@chaptal.fr',1),
(24,'email284@chaptal.fr',1),
(24,'email285@chaptal.fr',9),
(24,'email286@chaptal.fr',1),
(24,'email287@chaptal.fr',10),
(24,'email288@chaptal.fr',2),
(24,'email289@chaptal.fr',9),
(24,'email290@chaptal.fr',2),
(24,'email291@chaptal.fr',8),
(24,'email292@chaptal.fr',9),
(24,'email293@chaptal.fr',5),
(24,'email294@chaptal.fr',9),
(24,'email295@chaptal.fr',9),
(24,'email296@chaptal.fr',7),
(24,'email297@chaptal.fr',4),
(24,'email298@chaptal.fr',1),
(24,'email299@chaptal.fr',10),
(24,'email300@chaptal.fr',4),
(24,'email301@chaptal.fr',1),
(24,'email302@chaptal.fr',2),
(24,'email303@chaptal.fr',4),
(24,'email304@chaptal.fr',5),
(24,'email305@chaptal.fr',6),
(24,'email306@chaptal.fr',4),
(24,'email307@chaptal.fr',8),
(24,'email308@chaptal.fr',1),
(24,'email309@chaptal.fr',3),
(24,'email310@chaptal.fr',2),
(24,'email311@chaptal.fr',9),
(24,'email312@chaptal.fr',8),
(24,'email313@chaptal.fr',2),
(24,'email314@chaptal.fr',3),
(24,'email315@chaptal.fr',2),
(24,'email316@chaptal.fr',3),
(24,'email317@chaptal.fr',8),
(24,'email318@chaptal.fr',6),
(24,'email319@chaptal.fr',6),
(24,'email320@chaptal.fr',5),
(24,'email321@chaptal.fr',9),
(24,'email322@chaptal.fr',9),
(24,'email323@chaptal.fr',10),
(24,'email324@chaptal.fr',7),
(24,'email325@chaptal.fr',5),
(24,'email326@chaptal.fr',6),
(24,'email327@chaptal.fr',4),
(24,'email328@chaptal.fr',1),
(24,'email329@chaptal.fr',9),
(24,'email330@chaptal.fr',8),
(24,'email331@chaptal.fr',1),
(24,'email332@chaptal.fr',7),
(24,'email333@chaptal.fr',1),
(24,'email334@chaptal.fr',3),
(24,'email335@chaptal.fr',3),
(24,'email336@chaptal.fr',8),
(24,'email337@chaptal.fr',8),
(24,'email338@chaptal.fr',2),
(24,'email339@chaptal.fr',1),
(24,'email340@chaptal.fr',4),
(24,'email341@chaptal.fr',2),
(24,'email342@chaptal.fr',10),
(24,'email343@chaptal.fr',1),
(24,'email344@chaptal.fr',4),
(24,'email345@chaptal.fr',4),
(24,'email346@chaptal.fr',7),
(24,'email347@chaptal.fr',9),
(24,'email348@chaptal.fr',4),
(24,'email349@chaptal.fr',3),
(24,'email350@chaptal.fr',8),
(24,'email351@chaptal.fr',8),
(24,'email352@chaptal.fr',4),
(24,'email353@chaptal.fr',6),
(24,'email354@chaptal.fr',2),
(24,'email355@chaptal.fr',8),
(24,'email356@chaptal.fr',10),
(24,'email357@chaptal.fr',10),
(24,'email358@chaptal.fr',7),
(24,'email359@chaptal.fr',2),
(24,'email360@chaptal.fr',5),
(24,'email361@chaptal.fr',5),
(24,'email362@chaptal.fr',5),
(24,'email363@chaptal.fr',4),
(24,'email364@chaptal.fr',1),
(24,'email365@chaptal.fr',1),
(24,'email366@chaptal.fr',8),
(24,'email367@chaptal.fr',8),
(24,'email368@chaptal.fr',10),
(24,'email369@chaptal.fr',5),
(24,'email370@chaptal.fr',1),
(24,'email371@chaptal.fr',1),
(24,'email372@chaptal.fr',1),
(24,'email373@chaptal.fr',5),
(24,'email374@chaptal.fr',7),
(24,'email375@chaptal.fr',4),
(24,'email376@chaptal.fr',3),
(24,'email377@chaptal.fr',8),
(24,'email378@chaptal.fr',7),
(24,'email379@chaptal.fr',1),
(24,'email380@chaptal.fr',1),
(24,'email381@chaptal.fr',3),
(24,'email382@chaptal.fr',7),
(24,'email383@chaptal.fr',1),
(28,'email384@chaptal.fr',6),
(28,'email385@chaptal.fr',7),
(28,'email386@chaptal.fr',9),
(28,'email387@chaptal.fr',10),
(28,'email388@chaptal.fr',3),
(28,'email389@chaptal.fr',6),
(28,'email390@chaptal.fr',4),
(28,'email391@chaptal.fr',9),
(28,'email392@chaptal.fr',9),
(28,'email393@chaptal.fr',8),
(28,'email394@chaptal.fr',10),
(28,'email395@chaptal.fr',2),
(28,'email396@chaptal.fr',7),
(28,'email397@chaptal.fr',5),
(28,'email398@chaptal.fr',2),
(28,'email399@chaptal.fr',8),
(28,'email400@chaptal.fr',10),
(28,'email401@chaptal.fr',4),
(28,'email402@chaptal.fr',7),
(28,'email403@chaptal.fr',8),
(28,'email404@chaptal.fr',6),
(28,'email405@chaptal.fr',10),
(28,'email406@chaptal.fr',3),
(28,'email407@chaptal.fr',7),
(28,'email408@chaptal.fr',8),
(28,'email409@chaptal.fr',8),
(28,'email410@chaptal.fr',7),
(28,'email411@chaptal.fr',9),
(28,'email412@chaptal.fr',8),
(28,'email413@chaptal.fr',2),
(28,'email414@chaptal.fr',4),
(28,'email415@chaptal.fr',3),
(28,'email416@chaptal.fr',10),
(28,'email417@chaptal.fr',2),
(28,'email418@chaptal.fr',5),
(28,'email419@chaptal.fr',7),
(28,'email420@chaptal.fr',3),
(28,'email421@chaptal.fr',3),
(28,'email422@chaptal.fr',10),
(28,'email423@chaptal.fr',5),
(28,'email424@chaptal.fr',7),
(28,'email425@chaptal.fr',9),
(28,'email426@chaptal.fr',4),
(28,'email427@chaptal.fr',8),
(28,'email428@chaptal.fr',9),
(28,'email429@chaptal.fr',9),
(28,'email430@chaptal.fr',5),
(28,'email431@chaptal.fr',10),
(28,'email432@chaptal.fr',1),
(28,'email433@chaptal.fr',9),
(28,'email434@chaptal.fr',2),
(28,'email435@chaptal.fr',9),
(28,'email436@chaptal.fr',1),
(28,'email437@chaptal.fr',6),
(28,'email438@chaptal.fr',7),
(28,'email439@chaptal.fr',6),
(28,'email440@chaptal.fr',7),
(28,'email441@chaptal.fr',5),
(28,'email442@chaptal.fr',9),
(28,'email443@chaptal.fr',3),
(28,'email444@chaptal.fr',2),
(28,'email445@chaptal.fr',10),
(28,'email446@chaptal.fr',4),
(28,'email447@chaptal.fr',5),
(28,'email448@chaptal.fr',5),
(28,'email449@chaptal.fr',2),
(28,'email450@chaptal.fr',2),
(28,'email451@chaptal.fr',7),
(28,'email452@chaptal.fr',10),
(28,'email453@chaptal.fr',8),
(28,'email454@chaptal.fr',8),
(28,'email455@chaptal.fr',10),
(28,'email456@chaptal.fr',3),
(28,'email457@chaptal.fr',7),
(28,'email458@chaptal.fr',4),
(28,'email459@chaptal.fr',6),
(28,'email460@chaptal.fr',4),
(28,'email461@chaptal.fr',8),
(28,'email462@chaptal.fr',1),
(28,'email463@chaptal.fr',7),
(28,'email464@chaptal.fr',2),
(28,'email465@chaptal.fr',9),
(28,'email466@chaptal.fr',4),
(28,'email467@chaptal.fr',5),
(28,'email468@chaptal.fr',5),
(28,'email469@chaptal.fr',7),
(28,'email470@chaptal.fr',5),
(28,'email471@chaptal.fr',1),
(28,'email472@chaptal.fr',1),
(28,'email473@chaptal.fr',6),
(28,'email474@chaptal.fr',5),
(28,'email475@chaptal.fr',4),
(28,'email476@chaptal.fr',10),
(28,'email477@chaptal.fr',9),
(28,'email478@chaptal.fr',1),
(28,'email479@chaptal.fr',4),
(28,'email480@chaptal.fr',7),
(28,'email481@chaptal.fr',10),
(28,'email482@chaptal.fr',4),
(28,'email483@chaptal.fr',10),
(28,'email484@chaptal.fr',1),
(28,'email485@chaptal.fr',4),
(28,'email486@chaptal.fr',4),
(28,'email487@chaptal.fr',6),
(28,'email488@chaptal.fr',8),
(28,'email489@chaptal.fr',9),
(28,'email490@chaptal.fr',1),
(28,'email491@chaptal.fr',5),
(28,'email492@chaptal.fr',7),
(28,'email493@chaptal.fr',9),
(28,'email494@chaptal.fr',7),
(28,'email495@chaptal.fr',1),
(28,'email496@chaptal.fr',1),
(28,'email497@chaptal.fr',6),
(28,'email498@chaptal.fr',9),
(28,'email499@chaptal.fr',10),
(28,'email500@chaptal.fr',1);